,VaccinationDate_x,first_dose_in_0to19,second_dose_in_0to19,third_dose_in_0to19,date_as_date,VaccinationDate_y,first_dose_in_20to29,second_dose_in_20to29,third_dose_in_20to29,VaccinationDate_x,first_dose_in_30to39,second_dose_in_30to39,third_dose_in_30to39,VaccinationDate_y,first_dose_in_40to49,second_dose_in_40to49,third_dose_in_40to49,VaccinationDate_x,first_dose_in_50to59,second_dose_in_50to59,third_dose_in_50to59,VaccinationDate_y,first_dose_in_60to69,second_dose_in_60to69,third_dose_in_60to69,VaccinationDate_x,first_dose_in_70to79,second_dose_in_70to79,third_dose_in_70to79,VaccinationDate_y,first_dose_in_80to89,second_dose_in_80to89,third_dose_in_80to89,VaccinationDate,first_dose_in_90plus,second_dose_in_90plus,third_dose_in_90plus
0,2020-12-20,21,0,0,2020-12-20,2020-12-20,392,0,0,2020-12-20,1196,0,0,2020-12-20,1867,0,0,2020-12-20,1787,0,0,2020-12-20,1516,0,0,2020-12-20,494,0,0,2020-12-20,94,0,0,2020-12-20,0,0,0
1,2020-12-21,67,0,0,2020-12-21,2020-12-21,1064,0,0,2020-12-21,2779,0,0,2020-12-21,3786,0,0,2020-12-21,3690,0,0,2020-12-21,7282,0,0,2020-12-21,4887,0,0,2020-12-21,1164,0,0,2020-12-21,167,0,0
2,2020-12-22,100,0,0,2020-12-22,2020-12-22,1575,0,0,2020-12-22,3591,0,0,2020-12-22,4531,0,0,2020-12-22,4663,0,0,2020-12-22,14433,0,0,2020-12-22,11763,0,0,2020-12-22,3498,0,0,2020-12-22,456,0,0
3,2020-12-23,160,0,0,2020-12-23,2020-12-23,2121,0,0,2020-12-23,3847,0,0,2020-12-23,5038,0,0,2020-12-23,5336,0,0,2020-12-23,21612,0,0,2020-12-23,18008,0,0,2020-12-23,5677,0,0,2020-12-23,1026,0,0
4,2020-12-24,202,0,0,2020-12-24,2020-12-24,2069,0,0,2020-12-24,3785,0,0,2020-12-24,5196,0,0,2020-12-24,5660,0,0,2020-12-24,25639,0,0,2020-12-24,21761,0,0,2020-12-24,7678,0,0,2020-12-24,1349,0,0
5,2020-12-25,126,0,0,2020-12-25,2020-12-25,753,0,0,2020-12-25,1376,0,0,2020-12-25,2241,0,0,2020-12-25,2966,0,0,2020-12-25,13405,0,0,2020-12-25,12284,0,0,2020-12-25,4531,0,0,2020-12-25,764,0,0
6,2020-12-26,92,0,0,2020-12-26,2020-12-26,482,0,0,2020-12-26,971,0,0,2020-12-26,1679,0,0,2020-12-26,2403,0,0,2020-12-26,11901,0,0,2020-12-26,10605,0,0,2020-12-26,3750,0,0,2020-12-26,690,0,0
7,2020-12-27,492,0,0,2020-12-27,2020-12-27,3583,0,0,2020-12-27,6052,0,0,2020-12-27,8435,0,0,2020-12-27,10032,0,0,2020-12-27,32942,0,0,2020-12-27,28543,0,0,2020-12-27,11874,0,0,2020-12-27,2388,0,0
8,2020-12-28,1262,0,0,2020-12-28,2020-12-28,6669,0,0,2020-12-28,9516,0,0,2020-12-28,13393,0,0,2020-12-28,14788,0,0,2020-12-28,40013,0,0,2020-12-28,32874,0,0,2020-12-28,13678,0,0,2020-12-28,2611,0,0
9,2020-12-29,1447,0,0,2020-12-29,2020-12-29,7552,0,0,2020-12-29,11491,0,0,2020-12-29,16208,0,0,2020-12-29,18558,0,0,2020-12-29,43976,0,0,2020-12-29,35898,0,0,2020-12-29,16459,0,0,2020-12-29,4363,0,0
10,2020-12-30,1451,0,0,2020-12-30,2020-12-30,8212,0,0,2020-12-30,11598,0,0,2020-12-30,16099,0,0,2020-12-30,21026,0,0,2020-12-30,42046,0,0,2020-12-30,32956,0,0,2020-12-30,15461,0,0,2020-12-30,3896,0,0
11,2020-12-31,1805,0,0,2020-12-31,2020-12-31,9661,0,0,2020-12-31,13737,0,0,2020-12-31,19291,0,0,2020-12-31,26928,0,0,2020-12-31,38845,0,0,2020-12-31,29632,0,0,2020-12-31,14533,0,0,2020-12-31,3766,0,0
12,2021-01-01,821,0,0,2021-01-01,2021-01-01,3323,0,0,2021-01-01,5739,0,0,2021-01-01,9362,0,0,2021-01-01,14363,0,0,2021-01-01,17556,0,0,2021-01-01,12479,0,0,2021-01-01,6123,0,0,2021-01-01,1478,0,0
13,2021-01-02,859,0,0,2021-01-02,2021-01-02,3343,0,0,2021-01-02,5568,0,0,2021-01-02,11770,0,0,2021-01-02,18333,0,0,2021-01-02,14322,0,0,2021-01-02,10362,0,0,2021-01-02,5430,0,0,2021-01-02,1629,0,0
14,2021-01-03,2143,0,0,2021-01-03,2021-01-03,9788,0,0,2021-01-03,12621,0,0,2021-01-03,19253,0,0,2021-01-03,28662,0,0,2021-01-03,35341,0,0,2021-01-03,25684,0,0,2021-01-03,12985,0,0,2021-01-03,2965,0,0
15,2021-01-04,2267,0,0,2021-01-04,2021-01-04,11299,0,0,2021-01-04,14085,0,0,2021-01-04,22861,0,0,2021-01-04,30959,0,0,2021-01-04,32208,0,0,2021-01-04,23440,0,0,2021-01-04,12095,0,0,2021-01-04,2664,0,0
16,2021-01-05,1829,0,0,2021-01-05,2021-01-05,8657,0,0,2021-01-05,11038,0,0,2021-01-05,17369,0,0,2021-01-05,23755,0,0,2021-01-05,28953,0,0,2021-01-05,20576,0,0,2021-01-05,10417,0,0,2021-01-05,2288,0,0
17,2021-01-06,1682,0,0,2021-01-06,2021-01-06,7909,0,0,2021-01-06,9071,0,0,2021-01-06,13716,0,0,2021-01-06,18765,0,0,2021-01-06,24554,0,0,2021-01-06,16449,0,0,2021-01-06,8822,0,0,2021-01-06,2115,0,0
18,2021-01-07,1957,0,0,2021-01-07,2021-01-07,8776,0,0,2021-01-07,11913,0,0,2021-01-07,19118,0,0,2021-01-07,25343,0,0,2021-01-07,23632,0,0,2021-01-07,15377,0,0,2021-01-07,7968,0,0,2021-01-07,1758,0,0
19,2021-01-08,1914,0,0,2021-01-08,2021-01-08,5747,0,0,2021-01-08,8968,0,0,2021-01-08,16216,0,0,2021-01-08,14574,0,0,2021-01-08,9672,0,0,2021-01-08,5797,0,0,2021-01-08,2797,0,0,2021-01-08,618,0,0
20,2021-01-09,1018,0,0,2021-01-09,2021-01-09,3447,0,0,2021-01-09,6895,0,0,2021-01-09,12807,0,0,2021-01-09,9760,0,0,2021-01-09,5417,0,0,2021-01-09,3236,0,0,2021-01-09,1551,0,0,2021-01-09,331,0,0
21,2021-01-10,736,15,0,2021-01-10,2021-01-10,3254,299,0,2021-01-10,5815,969,0,2021-01-10,9157,1575,0,2021-01-10,7447,1537,0,2021-01-10,5581,1207,0,2021-01-10,3442,339,0,2021-01-10,1754,44,0,2021-01-10,361,0,0
22,2021-01-11,310,51,0,2021-01-11,2021-01-11,1773,819,0,2021-01-11,3339,2158,0,2021-01-11,5253,2972,0,2021-01-11,5090,3012,0,2021-01-11,2507,5580,0,2021-01-11,1684,3650,0,2021-01-11,866,868,0,2021-01-11,203,129,0
23,2021-01-12,351,76,0,2021-01-12,2021-01-12,2420,1303,0,2021-01-12,2925,3039,0,2021-01-12,4481,3950,0,2021-01-12,7795,3959,0,2021-01-12,3138,11293,0,2021-01-12,1761,8941,0,2021-01-12,863,2719,0,2021-01-12,181,353,0
24,2021-01-13,694,137,0,2021-01-13,2021-01-13,3816,1900,0,2021-01-13,5153,3616,0,2021-01-13,8024,4824,0,2021-01-13,23383,5052,0,2021-01-13,5992,19137,0,2021-01-13,3145,16240,0,2021-01-13,1483,4974,0,2021-01-13,240,928,0
25,2021-01-14,1047,167,0,2021-01-14,2021-01-14,5525,1945,0,2021-01-14,7237,3753,0,2021-01-14,10352,5140,0,2021-01-14,23360,5452,0,2021-01-14,5104,23975,0,2021-01-14,2388,20241,0,2021-01-14,1087,6907,0,2021-01-14,202,1188,0
26,2021-01-15,694,118,0,2021-01-15,2021-01-15,3189,724,0,2021-01-15,4737,1297,0,2021-01-15,5925,1995,0,2021-01-15,11824,2695,0,2021-01-15,2414,12701,0,2021-01-15,1183,11488,0,2021-01-15,548,4171,0,2021-01-15,112,691,0
27,2021-01-16,542,65,0,2021-01-16,2021-01-16,2095,331,0,2021-01-16,3372,697,0,2021-01-16,8263,1278,0,2021-01-16,12239,1783,0,2021-01-16,1678,9600,0,2021-01-16,748,8638,0,2021-01-16,356,3008,0,2021-01-16,76,578,0
28,2021-01-17,2686,312,0,2021-01-17,2021-01-17,10388,2568,0,2021-01-17,6815,4567,0,2021-01-17,18395,6355,0,2021-01-17,21988,7394,0,2021-01-17,4484,27162,0,2021-01-17,2263,24629,0,2021-01-17,1055,9661,0,2021-01-17,190,1783,0
29,2021-01-18,3836,732,0,2021-01-18,2021-01-18,15012,4762,0,2021-01-18,7316,8127,0,2021-01-18,20606,11483,0,2021-01-18,15884,12815,0,2021-01-18,3946,36398,0,2021-01-18,1908,30792,0,2021-01-18,878,12573,0,2021-01-18,146,2541,0
30,2021-01-19,3125,1109,0,2021-01-19,2021-01-19,13987,6690,0,2021-01-19,9108,9532,0,2021-01-19,25324,13621,0,2021-01-19,14165,15452,0,2021-01-19,3901,39359,0,2021-01-19,1943,32857,0,2021-01-19,856,15067,0,2021-01-19,203,3846,0
31,2021-01-20,2922,1334,0,2021-01-20,2021-01-20,12013,7874,0,2021-01-20,12662,10717,0,2021-01-20,29693,14766,0,2021-01-20,12880,18670,0,2021-01-20,3636,40100,0,2021-01-20,1798,32203,0,2021-01-20,812,14387,0,2021-01-20,140,3383,0
32,2021-01-21,2270,1741,0,2021-01-21,2021-01-21,9538,9665,0,2021-01-21,13645,13424,0,2021-01-21,26023,18826,0,2021-01-21,11073,25721,0,2021-01-21,3847,41927,0,2021-01-21,2038,32946,0,2021-01-21,982,15742,0,2021-01-21,213,4017,0
33,2021-01-22,1216,723,0,2021-01-22,2021-01-22,3857,3062,0,2021-01-22,8115,5498,0,2021-01-22,15349,8631,0,2021-01-22,5593,12963,0,2021-01-22,2068,18521,0,2021-01-22,920,13712,0,2021-01-22,493,6329,0,2021-01-22,113,1505,0
34,2021-01-23,6650,483,0,2021-01-23,2021-01-23,3473,2154,0,2021-01-23,6350,3756,0,2021-01-23,14563,7504,0,2021-01-23,5956,11302,0,2021-01-23,1573,12434,0,2021-01-23,801,9404,0,2021-01-23,386,4946,0,2021-01-23,106,1493,0
35,2021-01-24,12143,1763,0,2021-01-24,2021-01-24,11023,8655,0,2021-01-24,10550,11647,0,2021-01-24,19942,17946,0,2021-01-24,8483,26996,0,2021-01-24,3629,33275,0,2021-01-24,1952,24548,0,2021-01-24,1000,12566,0,2021-01-24,221,2993,0
36,2021-01-25,14688,1864,0,2021-01-25,2021-01-25,15480,9253,0,2021-01-25,13354,12289,0,2021-01-25,20478,20039,0,2021-01-25,9562,28222,0,2021-01-25,3863,30381,0,2021-01-25,2066,22789,0,2021-01-25,1003,11807,0,2021-01-25,251,2573,0
37,2021-01-26,14412,1764,0,2021-01-26,2021-01-26,15532,8315,0,2021-01-26,14161,11211,0,2021-01-26,19410,18199,0,2021-01-26,8393,25213,0,2021-01-26,3485,28371,0,2021-01-26,1942,20397,0,2021-01-26,923,10408,0,2021-01-26,237,2237,0
38,2021-01-27,15696,2089,0,2021-01-27,2021-01-27,14329,10219,0,2021-01-27,13630,11121,0,2021-01-27,19635,17508,0,2021-01-27,8419,23746,0,2021-01-27,3208,28298,0,2021-01-27,1721,19458,0,2021-01-27,842,10041,0,2021-01-27,229,2275,0
39,2021-01-28,13342,2126,0,2021-01-28,2021-01-28,15964,9890,0,2021-01-28,20223,13014,0,2021-01-28,16976,20922,0,2021-01-28,7589,27703,0,2021-01-28,2977,27689,0,2021-01-28,1503,18138,0,2021-01-28,666,8929,0,2021-01-28,173,1926,0
40,2021-01-29,5619,1582,0,2021-01-29,2021-01-29,5965,4934,0,2021-01-29,10675,7771,0,2021-01-29,8735,14171,0,2021-01-29,3473,14237,0,2021-01-29,1235,11240,0,2021-01-29,523,6921,0,2021-01-29,256,3158,0,2021-01-29,42,626,0
41,2021-01-30,4972,904,0,2021-01-30,2021-01-30,5148,3121,0,2021-01-30,10583,5798,0,2021-01-30,8808,10607,0,2021-01-30,3137,9666,0,2021-01-30,990,6566,0,2021-01-30,454,3810,0,2021-01-30,173,1809,0,2021-01-30,30,391,0
42,2021-01-31,9520,1045,0,2021-01-31,2021-01-31,13322,4347,0,2021-01-31,21651,7518,0,2021-01-31,16117,12479,0,2021-01-31,7229,11917,0,2021-01-31,2955,10816,0,2021-01-31,1550,6961,0,2021-01-31,681,3533,0,2021-01-31,168,741,0
43,2021-02-01,10300,579,0,2021-02-01,2021-02-01,19515,3016,0,2021-02-01,24192,5016,0,2021-02-01,14846,8321,0,2021-02-01,7585,7754,0,2021-02-01,3055,5099,0,2021-02-01,1726,3393,0,2021-02-01,844,1663,0,2021-02-01,229,378,0
44,2021-02-02,8599,438,0,2021-02-02,2021-02-02,15748,2448,0,2021-02-02,19961,3934,0,2021-02-02,13306,6345,0,2021-02-02,6556,8851,0,2021-02-02,2888,4603,0,2021-02-02,1679,2649,0,2021-02-02,893,1397,0,2021-02-02,243,292,0
45,2021-02-03,6663,654,0,2021-02-03,2021-02-03,14698,3919,0,2021-02-03,17060,5179,0,2021-02-03,10630,8102,0,2021-02-03,5765,21544,0,2021-02-03,2610,6488,0,2021-02-03,1561,3464,0,2021-02-03,863,1628,0,2021-02-03,236,308,0
46,2021-02-04,6541,1432,0,2021-02-04,2021-02-04,22643,6210,0,2021-02-04,23201,7360,0,2021-02-04,10503,10350,0,2021-02-04,5256,22722,0,2021-02-04,2297,5575,0,2021-02-04,1186,2770,0,2021-02-04,642,1277,0,2021-02-04,141,239,0
47,2021-02-05,2745,524,0,2021-02-05,2021-02-05,9915,2542,0,2021-02-05,11285,4155,0,2021-02-05,5208,5514,0,2021-02-05,2695,11425,0,2021-02-05,1077,2573,0,2021-02-05,538,1247,0,2021-02-05,241,574,0,2021-02-05,77,113,0
48,2021-02-06,1942,341,0,2021-02-06,2021-02-06,6973,1512,0,2021-02-06,6930,2374,0,2021-02-06,3074,5492,0,2021-02-06,1626,10042,0,2021-02-06,558,1429,0,2021-02-06,263,632,0,2021-02-06,139,264,0,2021-02-06,35,56,0
49,2021-02-07,4634,1826,0,2021-02-07,2021-02-07,16761,9222,0,2021-02-07,16489,7389,0,2021-02-07,7768,18378,0,2021-02-07,4362,23160,0,2021-02-07,2090,4730,0,2021-02-07,1121,2448,0,2021-02-07,562,1177,0,2021-02-07,166,226,0
50,2021-02-08,4302,2584,0,2021-02-08,2021-02-08,19913,12128,0,2021-02-08,18048,6949,0,2021-02-08,7827,19965,0,2021-02-08,4483,16467,0,2021-02-08,2101,4031,0,2021-02-08,1115,2007,0,2021-02-08,568,923,0,2021-02-08,135,163,0
51,2021-02-09,5141,2696,0,2021-02-09,2021-02-09,22771,12056,0,2021-02-09,19072,8318,0,2021-02-09,9094,23273,0,2021-02-09,5417,14184,0,2021-02-09,2560,3814,0,2021-02-09,1245,1941,0,2021-02-09,628,843,0,2021-02-09,205,187,0
52,2021-02-10,5395,2341,0,2021-02-10,2021-02-10,24074,10760,0,2021-02-10,20595,11472,0,2021-02-10,9817,27801,0,2021-02-10,5744,13139,0,2021-02-10,2698,3690,0,2021-02-10,1294,1830,0,2021-02-10,571,822,0,2021-02-10,153,134,0
53,2021-02-11,6386,2268,0,2021-02-11,2021-02-11,27366,10388,0,2021-02-11,23149,13577,0,2021-02-11,11883,26479,0,2021-02-11,6821,11656,0,2021-02-11,3131,3923,0,2021-02-11,1401,2097,0,2021-02-11,636,1003,0,2021-02-11,136,200,0
54,2021-02-12,3081,1156,0,2021-02-12,2021-02-12,12968,3842,0,2021-02-12,11137,7798,0,2021-02-12,5887,15127,0,2021-02-12,3467,5884,0,2021-02-12,1459,2102,0,2021-02-12,601,938,0,2021-02-12,285,473,0,2021-02-12,61,101,0
55,2021-02-13,2471,4046,0,2021-02-13,2021-02-13,9116,2367,0,2021-02-13,7330,4642,0,2021-02-13,4287,11650,0,2021-02-13,2593,5378,0,2021-02-13,1019,1304,0,2021-02-13,377,621,0,2021-02-13,170,278,0,2021-02-13,26,72,0
56,2021-02-14,6875,9899,0,2021-02-14,2021-02-14,23305,9995,0,2021-02-14,19898,11292,0,2021-02-14,11641,21901,0,2021-02-14,6969,8964,0,2021-02-14,3534,3668,0,2021-02-14,1660,2002,0,2021-02-14,715,953,0,2021-02-14,149,213,0
57,2021-02-15,7488,12368,0,2021-02-15,2021-02-15,25073,13180,0,2021-02-15,21516,12489,0,2021-02-15,12776,20486,0,2021-02-15,7854,9521,0,2021-02-15,3853,4018,0,2021-02-15,1749,2118,0,2021-02-15,812,1038,0,2021-02-15,207,283,0
58,2021-02-16,8486,14363,0,2021-02-16,2021-02-16,26525,15869,0,2021-02-16,21427,13715,0,2021-02-16,12697,18990,0,2021-02-16,7607,8467,0,2021-02-16,3835,3509,0,2021-02-16,1813,1942,0,2021-02-16,770,962,0,2021-02-16,166,238,0
59,2021-02-17,6344,14980,0,2021-02-17,2021-02-17,20633,15850,0,2021-02-17,15886,12837,0,2021-02-17,9749,18282,0,2021-02-17,5389,7952,0,2021-02-17,2386,3000,0,2021-02-17,960,1596,0,2021-02-17,370,709,0,2021-02-17,86,160,0
60,2021-02-18,7290,14062,0,2021-02-18,2021-02-18,21856,15659,0,2021-02-18,17961,18772,0,2021-02-18,11160,17726,0,2021-02-18,6347,7949,0,2021-02-18,2868,3059,0,2021-02-18,1048,1498,0,2021-02-18,386,640,0,2021-02-18,69,146,0
61,2021-02-19,4217,6169,0,2021-02-19,2021-02-19,12680,6216,0,2021-02-19,10567,10358,0,2021-02-19,6391,9325,0,2021-02-19,3539,3692,0,2021-02-19,1484,1331,0,2021-02-19,477,593,0,2021-02-19,186,260,0,2021-02-19,25,54,0
62,2021-02-20,3900,4452,0,2021-02-20,2021-02-20,10142,4044,0,2021-02-20,7629,8138,0,2021-02-20,5221,7711,0,2021-02-20,2939,2883,0,2021-02-20,1132,862,0,2021-02-20,435,394,0,2021-02-20,160,145,0,2021-02-20,28,21,0
63,2021-02-21,8546,10050,0,2021-02-21,2021-02-21,23842,14396,0,2021-02-21,20580,22706,0,2021-02-21,12462,17578,0,2021-02-21,7313,7629,0,2021-02-21,3806,3246,0,2021-02-21,1833,1731,0,2021-02-21,767,825,0,2021-02-21,174,212,0
64,2021-02-22,8640,9511,0,2021-02-22,2021-02-22,25443,18467,0,2021-02-22,22719,23516,0,2021-02-22,13004,15148,0,2021-02-22,7701,7641,0,2021-02-22,4174,3218,0,2021-02-22,2120,1758,0,2021-02-22,879,876,0,2021-02-22,207,245,0
65,2021-02-23,8438,9105,0,2021-02-23,2021-02-23,23923,16244,0,2021-02-23,19662,19608,0,2021-02-23,11649,13039,0,2021-02-23,6990,6589,0,2021-02-23,3682,2870,0,2021-02-23,1854,1682,0,2021-02-23,844,882,0,2021-02-23,156,227,0
66,2021-02-24,6830,7777,0,2021-02-24,2021-02-24,18748,15872,0,2021-02-24,15147,17194,0,2021-02-24,9279,10915,0,2021-02-24,5505,5866,0,2021-02-24,2947,2691,0,2021-02-24,1563,1569,0,2021-02-24,709,816,0,2021-02-24,156,195,0
67,2021-02-25,5389,5604,0,2021-02-25,2021-02-25,15248,18315,0,2021-02-25,12904,20690,0,2021-02-25,8283,10268,0,2021-02-25,5087,5351,0,2021-02-25,2646,2300,0,2021-02-25,1231,1235,0,2021-02-25,617,649,0,2021-02-25,141,161,0
68,2021-02-26,2644,2719,0,2021-02-26,2021-02-26,7507,8676,0,2021-02-26,6692,10534,0,2021-02-26,4280,5323,0,2021-02-26,2592,2727,0,2021-02-26,1187,1075,0,2021-02-26,522,530,0,2021-02-26,289,242,0,2021-02-26,51,67,0
69,2021-02-27,2525,1960,0,2021-02-27,2021-02-27,5739,6523,0,2021-02-27,4160,6898,0,2021-02-27,2868,3162,0,2021-02-27,1726,1606,0,2021-02-27,740,559,0,2021-02-27,344,268,0,2021-02-27,143,123,0,2021-02-27,17,34,0
70,2021-02-28,4824,4934,0,2021-02-28,2021-02-28,11358,16605,0,2021-02-28,9883,17086,0,2021-02-28,6388,8617,0,2021-02-28,3825,4523,0,2021-02-28,2148,2077,0,2021-02-28,1111,1135,0,2021-02-28,541,592,0,2021-02-28,94,170,0
71,2021-03-01,5063,4920,0,2021-03-01,2021-03-01,13024,20633,0,2021-03-01,11123,18933,0,2021-03-01,7136,8170,0,2021-03-01,4495,4528,0,2021-03-01,2601,2176,0,2021-03-01,1329,1157,0,2021-03-01,618,615,0,2021-03-01,129,143,0
72,2021-03-02,4272,4851,0,2021-03-02,2021-03-02,11464,22034,0,2021-03-02,9487,19050,0,2021-03-02,6475,9017,0,2021-03-02,4364,5113,0,2021-03-02,2798,2423,0,2021-03-02,1432,1195,0,2021-03-02,571,647,0,2021-03-02,121,222,0
73,2021-03-03,4844,5079,0,2021-03-03,2021-03-03,11573,22763,0,2021-03-03,9284,19297,0,2021-03-03,6522,9148,0,2021-03-03,4431,5537,0,2021-03-03,2826,2653,0,2021-03-03,1537,1300,0,2021-03-03,632,615,0,2021-03-03,131,183,0
74,2021-03-04,4446,6133,0,2021-03-04,2021-03-04,10897,26477,0,2021-03-04,9020,22770,0,2021-03-04,6396,11528,0,2021-03-04,4347,6695,0,2021-03-04,2538,3085,0,2021-03-04,1216,1401,0,2021-03-04,514,634,0,2021-03-04,106,141,0
75,2021-03-05,1760,3006,0,2021-03-05,2021-03-05,4716,13598,0,2021-03-05,4023,11736,0,2021-03-05,2947,6176,0,2021-03-05,1974,3400,0,2021-03-05,1019,1461,0,2021-03-05,484,620,0,2021-03-05,202,266,0,2021-03-05,40,64,0
76,2021-03-06,1439,2099,0,2021-03-06,2021-03-06,3227,8313,0,2021-03-06,2135,6992,0,2021-03-06,1685,3951,0,2021-03-06,1162,2464,0,2021-03-06,584,933,0,2021-03-06,243,347,0,2021-03-06,73,153,0,2021-03-06,20,29,0
77,2021-03-07,3869,6522,0,2021-03-07,2021-03-07,8758,23055,0,2021-03-07,6705,19757,0,2021-03-07,4760,11073,0,2021-03-07,3129,6544,0,2021-03-07,2011,3331,0,2021-03-07,1081,1599,0,2021-03-07,530,681,0,2021-03-07,135,132,0
78,2021-03-08,3342,6373,0,2021-03-08,2021-03-08,8070,22530,0,2021-03-08,5951,19512,0,2021-03-08,4006,11434,0,2021-03-08,2745,7065,0,2021-03-08,1629,3558,0,2021-03-08,889,1648,0,2021-03-08,421,771,0,2021-03-08,106,208,0
79,2021-03-09,3331,7462,0,2021-03-09,2021-03-09,7700,24078,0,2021-03-09,5832,19868,0,2021-03-09,3994,11789,0,2021-03-09,2647,7089,0,2021-03-09,1685,3566,0,2021-03-09,801,1712,0,2021-03-09,426,761,0,2021-03-09,87,165,0
80,2021-03-10,3452,5987,0,2021-03-10,2021-03-10,6706,19568,0,2021-03-10,4918,14948,0,2021-03-10,3450,9009,0,2021-03-10,2162,5098,0,2021-03-10,1278,2370,0,2021-03-10,708,1023,0,2021-03-10,337,420,0,2021-03-10,87,94,0
81,2021-03-11,3085,6896,0,2021-03-11,2021-03-11,6691,21652,0,2021-03-11,5231,18379,0,2021-03-11,3578,11247,0,2021-03-11,2191,6327,0,2021-03-11,1308,2873,0,2021-03-11,590,1064,0,2021-03-11,316,400,0,2021-03-11,74,62,0
82,2021-03-12,1424,4054,0,2021-03-12,2021-03-12,3398,13135,0,2021-03-12,2540,11299,0,2021-03-12,1758,6803,0,2021-03-12,1023,3830,0,2021-03-12,553,1509,0,2021-03-12,265,474,0,2021-03-12,112,182,0,2021-03-12,26,20,0
83,2021-03-13,1119,2997,0,2021-03-13,2021-03-13,2543,8194,0,2021-03-13,1677,6101,0,2021-03-13,1273,4104,0,2021-03-13,716,2353,0,2021-03-13,326,927,0,2021-03-13,138,336,0,2021-03-13,52,147,0,2021-03-13,0,26,0
84,2021-03-14,2970,7357,0,2021-03-14,2021-03-14,6300,22238,0,2021-03-14,4559,19710,0,2021-03-14,2979,11742,0,2021-03-14,1918,6778,0,2021-03-14,1171,3500,0,2021-03-14,573,1685,0,2021-03-14,287,694,0,2021-03-14,66,142,0
85,2021-03-15,2599,8035,0,2021-03-15,2021-03-15,6133,23716,0,2021-03-15,4524,20397,0,2021-03-15,2961,12040,0,2021-03-15,1831,7087,0,2021-03-15,1051,3802,0,2021-03-15,507,1962,0,2021-03-15,261,833,0,2021-03-15,57,200,0
86,2021-03-16,2557,7967,0,2021-03-16,2021-03-16,5662,22200,0,2021-03-16,4039,18152,0,2021-03-16,2781,10680,0,2021-03-16,1643,6383,0,2021-03-16,1000,3391,0,2021-03-16,519,1697,0,2021-03-16,258,759,0,2021-03-16,76,141,0
87,2021-03-17,2334,6289,0,2021-03-17,2021-03-17,5216,17867,0,2021-03-17,3948,14883,0,2021-03-17,2631,8968,0,2021-03-17,1659,5523,0,2021-03-17,980,2897,0,2021-03-17,457,1567,0,2021-03-17,228,698,0,2021-03-17,46,155,0
88,2021-03-18,2035,5999,0,2021-03-18,2021-03-18,4602,17171,0,2021-03-18,3597,15017,0,2021-03-18,2419,9351,0,2021-03-18,1538,5549,0,2021-03-18,916,2833,0,2021-03-18,431,1285,0,2021-03-18,231,641,0,2021-03-18,66,131,0
89,2021-03-19,807,2684,0,2021-03-19,2021-03-19,1929,8370,0,2021-03-19,1717,7521,0,2021-03-19,1108,4535,0,2021-03-19,660,2697,0,2021-03-19,311,1213,0,2021-03-19,133,534,0,2021-03-19,73,283,0,2021-03-19,0,40,0
90,2021-03-20,716,2066,0,2021-03-20,2021-03-20,1763,4896,0,2021-03-20,1035,3375,0,2021-03-20,764,2450,0,2021-03-20,461,1429,0,2021-03-20,227,604,0,2021-03-20,100,297,0,2021-03-20,47,103,0,2021-03-20,0,0,0
91,2021-03-21,1749,4538,0,2021-03-21,2021-03-21,3989,11766,0,2021-03-21,2939,10312,0,2021-03-21,1833,6239,0,2021-03-21,1189,3714,0,2021-03-21,740,2114,0,2021-03-21,375,1034,0,2021-03-21,178,556,0,2021-03-21,47,101,0
92,2021-03-22,1680,4591,0,2021-03-22,2021-03-22,4183,11997,0,2021-03-22,3028,10241,0,2021-03-22,1895,6206,0,2021-03-22,1198,3650,0,2021-03-22,731,1979,0,2021-03-22,409,1045,0,2021-03-22,159,551,0,2021-03-22,69,125,0
93,2021-03-23,310,823,0,2021-03-23,2021-03-23,820,2190,0,2021-03-23,558,1753,0,2021-03-23,381,1178,0,2021-03-23,272,644,0,2021-03-23,176,290,0,2021-03-23,55,172,0,2021-03-23,26,89,0,2021-03-23,0,18,0
94,2021-03-24,1367,5291,0,2021-03-24,2021-03-24,3495,14374,0,2021-03-24,2329,11358,0,2021-03-24,1630,6899,0,2021-03-24,905,4066,0,2021-03-24,543,2326,0,2021-03-24,302,1247,0,2021-03-24,179,662,0,2021-03-24,43,140,0
95,2021-03-25,1248,4308,0,2021-03-25,2021-03-25,3102,10924,0,2021-03-25,2263,8609,0,2021-03-25,1486,5408,0,2021-03-25,931,3170,0,2021-03-25,544,1572,0,2021-03-25,270,764,0,2021-03-25,149,412,0,2021-03-25,45,96,0
96,2021-03-26,449,1529,0,2021-03-26,2021-03-26,1191,4171,0,2021-03-26,987,3273,0,2021-03-26,617,2127,0,2021-03-26,389,1159,0,2021-03-26,222,535,0,2021-03-26,92,250,0,2021-03-26,43,140,0,2021-03-26,18,31,0
97,2021-03-27,253,542,0,2021-03-27,2021-03-27,585,1496,0,2021-03-27,387,871,0,2021-03-27,236,646,0,2021-03-27,133,386,0,2021-03-27,81,164,0,2021-03-27,26,65,0,2021-03-27,0,27,0,2021-03-27,0,0,0
98,2021-03-28,284,678,0,2021-03-28,2021-03-28,727,1495,0,2021-03-28,436,930,0,2021-03-28,288,709,0,2021-03-28,179,427,0,2021-03-28,68,187,0,2021-03-28,36,90,0,2021-03-28,0,28,0,2021-03-28,0,0,0
99,2021-03-29,904,3637,0,2021-03-29,2021-03-29,1867,8798,0,2021-03-29,1414,7002,0,2021-03-29,1016,4693,0,2021-03-29,715,2840,0,2021-03-29,456,1542,0,2021-03-29,225,817,0,2021-03-29,127,433,0,2021-03-29,47,107,0
100,2021-03-30,1105,2825,0,2021-03-30,2021-03-30,2231,6665,0,2021-03-30,1588,5086,0,2021-03-30,1056,3338,0,2021-03-30,720,2114,0,2021-03-30,478,1155,0,2021-03-30,269,607,0,2021-03-30,156,369,0,2021-03-30,58,81,0
101,2021-03-31,994,2311,0,2021-03-31,2021-03-31,2291,5645,0,2021-03-31,1663,4689,0,2021-03-31,1172,2968,0,2021-03-31,793,1770,0,2021-03-31,484,993,0,2021-03-31,300,534,0,2021-03-31,200,279,0,2021-03-31,58,74,0
102,2021-04-01,1104,2359,0,2021-04-01,2021-04-01,2283,5723,0,2021-04-01,1603,4417,0,2021-04-01,1211,2749,0,2021-04-01,784,1644,0,2021-04-01,486,873,0,2021-04-01,261,414,0,2021-04-01,165,234,0,2021-04-01,48,63,0
103,2021-04-02,319,902,0,2021-04-02,2021-04-02,821,2538,0,2021-04-02,663,2072,0,2021-04-02,440,1287,0,2021-04-02,305,640,0,2021-04-02,127,315,0,2021-04-02,60,122,0,2021-04-02,28,79,0,2021-04-02,0,0,0
104,2021-04-03,206,385,0,2021-04-03,2021-04-03,472,1073,0,2021-04-03,248,594,0,2021-04-03,183,433,0,2021-04-03,132,222,0,2021-04-03,60,103,0,2021-04-03,31,53,0,2021-04-03,0,16,0,2021-04-03,0,0,0
105,2021-04-04,1273,2985,0,2021-04-04,2021-04-04,2839,7114,0,2021-04-04,2100,5428,0,2021-04-04,1365,3465,0,2021-04-04,867,1844,0,2021-04-04,559,1015,0,2021-04-04,314,501,0,2021-04-04,162,310,0,2021-04-04,57,69,0
106,2021-04-05,1487,3114,0,2021-04-05,2021-04-05,2931,6793,0,2021-04-05,2179,4807,0,2021-04-05,1412,2949,0,2021-04-05,931,1753,0,2021-04-05,579,896,0,2021-04-05,362,466,0,2021-04-05,224,248,0,2021-04-05,70,77,0
107,2021-04-06,1164,2188,0,2021-04-06,2021-04-06,2397,5129,0,2021-04-06,1921,3925,0,2021-04-06,1261,2472,0,2021-04-06,847,1390,0,2021-04-06,562,795,0,2021-04-06,368,400,0,2021-04-06,187,191,0,2021-04-06,66,71,0
108,2021-04-07,1194,2108,0,2021-04-07,2021-04-07,2487,4663,0,2021-04-07,1805,3450,0,2021-04-07,1198,2309,0,2021-04-07,843,1283,0,2021-04-07,586,659,0,2021-04-07,305,352,0,2021-04-07,176,213,0,2021-04-07,82,56,0
109,2021-04-08,1215,2087,0,2021-04-08,2021-04-08,2563,5101,0,2021-04-08,2008,4200,0,2021-04-08,1378,2549,0,2021-04-08,849,1434,0,2021-04-08,576,797,0,2021-04-08,305,371,0,2021-04-08,184,203,0,2021-04-08,83,47,0
110,2021-04-09,444,756,0,2021-04-09,2021-04-09,931,1830,0,2021-04-09,886,1628,0,2021-04-09,499,940,0,2021-04-09,329,498,0,2021-04-09,166,230,0,2021-04-09,73,96,0,2021-04-09,39,67,0,2021-04-09,0,0,0
111,2021-04-10,191,490,0,2021-04-10,2021-04-10,502,1195,0,2021-04-10,334,737,0,2021-04-10,207,519,0,2021-04-10,140,294,0,2021-04-10,69,112,0,2021-04-10,39,56,0,2021-04-10,0,27,0,2021-04-10,0,0,0
112,2021-04-11,1269,2008,0,2021-04-11,2021-04-11,2556,4440,0,2021-04-11,1973,3266,0,2021-04-11,1203,1980,0,2021-04-11,770,1173,0,2021-04-11,565,661,0,2021-04-11,343,334,0,2021-04-11,159,175,0,2021-04-11,60,64,0
113,2021-04-12,1339,1740,0,2021-04-12,2021-04-12,2462,4227,0,2021-04-12,1734,3020,0,2021-04-12,1148,1802,0,2021-04-12,850,1043,0,2021-04-12,556,623,0,2021-04-12,329,352,0,2021-04-12,210,159,0,2021-04-12,78,63,0
114,2021-04-13,651,561,0,2021-04-13,2021-04-13,1520,1427,0,2021-04-13,1259,1229,0,2021-04-13,817,683,0,2021-04-13,541,408,0,2021-04-13,340,238,0,2021-04-13,234,130,0,2021-04-13,159,76,0,2021-04-13,86,30,0
115,2021-04-14,372,582,0,2021-04-14,2021-04-14,880,1467,0,2021-04-14,810,1206,0,2021-04-14,529,794,0,2021-04-14,384,490,0,2021-04-14,223,280,0,2021-04-14,140,151,0,2021-04-14,72,111,0,2021-04-14,17,34,0
116,2021-04-15,41,50,0,2021-04-15,2021-04-15,122,118,0,2021-04-15,83,86,0,2021-04-15,59,68,0,2021-04-15,73,50,0,2021-04-15,42,21,0,2021-04-15,24,18,0,2021-04-15,0,0,0,2021-04-15,0,0,0
117,2021-04-16,430,778,0,2021-04-16,2021-04-16,960,2019,0,2021-04-16,736,1646,0,2021-04-16,466,1008,0,2021-04-16,294,487,0,2021-04-16,180,291,0,2021-04-16,72,130,0,2021-04-16,45,82,0,2021-04-16,0,24,0
118,2021-04-17,80,268,0,2021-04-17,2021-04-17,263,684,0,2021-04-17,175,444,0,2021-04-17,101,270,0,2021-04-17,69,145,0,2021-04-17,32,73,0,2021-04-17,19,22,0,2021-04-17,0,0,0,2021-04-17,0,0,0
119,2021-04-18,1081,975,0,2021-04-18,2021-04-18,2062,2412,0,2021-04-18,1419,1707,0,2021-04-18,963,994,0,2021-04-18,632,569,0,2021-04-18,454,371,0,2021-04-18,229,207,0,2021-04-18,93,90,0,2021-04-18,31,26,0
120,2021-04-19,946,893,0,2021-04-19,2021-04-19,1859,2211,0,2021-04-19,1267,1574,0,2021-04-19,845,913,0,2021-04-19,572,595,0,2021-04-19,389,385,0,2021-04-19,202,204,0,2021-04-19,95,141,0,2021-04-19,32,55,0
121,2021-04-20,818,818,0,2021-04-20,2021-04-20,1701,1947,0,2021-04-20,1353,1600,0,2021-04-20,890,948,0,2021-04-20,589,558,0,2021-04-20,357,409,0,2021-04-20,206,206,0,2021-04-20,98,145,0,2021-04-20,38,61,0
122,2021-04-21,815,870,0,2021-04-21,2021-04-21,1712,2087,0,2021-04-21,1335,1534,0,2021-04-21,866,1007,0,2021-04-21,662,608,0,2021-04-21,387,369,0,2021-04-21,206,215,0,2021-04-21,121,163,0,2021-04-21,48,54,0
123,2021-04-22,750,944,0,2021-04-22,2021-04-22,1597,2195,0,2021-04-22,1242,1684,0,2021-04-22,887,1064,0,2021-04-22,566,699,0,2021-04-22,394,407,0,2021-04-22,209,253,0,2021-04-22,85,163,0,2021-04-22,0,61,0
124,2021-04-23,398,450,0,2021-04-23,2021-04-23,692,964,0,2021-04-23,633,794,0,2021-04-23,397,482,0,2021-04-23,267,317,0,2021-04-23,119,133,0,2021-04-23,50,48,0,2021-04-23,27,35,0,2021-04-23,0,0,0
125,2021-04-24,109,177,0,2021-04-24,2021-04-24,242,469,0,2021-04-24,133,253,0,2021-04-24,104,175,0,2021-04-24,56,93,0,2021-04-24,22,30,0,2021-04-24,0,0,0,2021-04-24,0,0,0,2021-04-24,0,0,0
126,2021-04-25,610,892,0,2021-04-25,2021-04-25,1393,2139,0,2021-04-25,1039,1580,0,2021-04-25,681,944,0,2021-04-25,432,546,0,2021-04-25,300,378,0,2021-04-25,167,202,0,2021-04-25,76,110,0,2021-04-25,17,36,0
127,2021-04-26,855,1161,0,2021-04-26,2021-04-26,1612,2416,0,2021-04-26,1180,1629,0,2021-04-26,724,1064,0,2021-04-26,433,652,0,2021-04-26,256,355,0,2021-04-26,163,249,0,2021-04-26,78,152,0,2021-04-26,29,49,0
128,2021-04-27,638,841,0,2021-04-27,2021-04-27,1119,1772,0,2021-04-27,966,1463,0,2021-04-27,626,920,0,2021-04-27,452,582,0,2021-04-27,263,393,0,2021-04-27,160,234,0,2021-04-27,97,157,0,2021-04-27,28,59,0
129,2021-04-28,642,1042,0,2021-04-28,2021-04-28,1277,2163,0,2021-04-28,940,1521,0,2021-04-28,613,913,0,2021-04-28,382,610,0,2021-04-28,242,400,0,2021-04-28,139,220,0,2021-04-28,57,155,0,2021-04-28,21,79,0
130,2021-04-29,559,926,0,2021-04-29,2021-04-29,1066,2053,0,2021-04-29,948,1635,0,2021-04-29,689,995,0,2021-04-29,415,628,0,2021-04-29,278,389,0,2021-04-29,140,243,0,2021-04-29,79,152,0,2021-04-29,16,69,0
131,2021-04-30,241,392,0,2021-04-30,2021-04-30,412,852,0,2021-04-30,432,804,0,2021-04-30,318,433,0,2021-04-30,178,256,0,2021-04-30,101,122,0,2021-04-30,25,71,0,2021-04-30,21,64,0,2021-04-30,0,0,0
132,2021-05-01,46,110,0,2021-05-01,2021-05-01,148,309,0,2021-05-01,89,197,0,2021-05-01,57,110,0,2021-05-01,22,45,0,2021-05-01,0,33,0,2021-05-01,0,0,0,2021-05-01,0,0,0,2021-05-01,0,0,0
133,2021-05-02,511,927,0,2021-05-02,2021-05-02,903,1827,0,2021-05-02,704,1386,0,2021-05-02,414,780,0,2021-05-02,293,414,0,2021-05-02,163,324,0,2021-05-02,107,173,0,2021-05-02,49,94,0,2021-05-02,0,31,0
134,2021-05-03,524,787,0,2021-05-03,2021-05-03,927,1589,0,2021-05-03,781,1345,0,2021-05-03,496,785,0,2021-05-03,307,443,0,2021-05-03,204,329,0,2021-05-03,95,194,0,2021-05-03,51,112,0,2021-05-03,15,49,0
135,2021-05-04,437,605,0,2021-05-04,2021-05-04,969,1252,0,2021-05-04,753,1038,0,2021-05-04,478,667,0,2021-05-04,326,378,0,2021-05-04,205,238,0,2021-05-04,132,170,0,2021-05-04,65,129,0,2021-05-04,18,55,0
136,2021-05-05,496,543,0,2021-05-05,2021-05-05,791,1092,0,2021-05-05,760,903,0,2021-05-05,487,518,0,2021-05-05,259,349,0,2021-05-05,165,183,0,2021-05-05,82,137,0,2021-05-05,59,106,0,2021-05-05,15,36,0
137,2021-05-06,551,479,0,2021-05-06,2021-05-06,896,910,0,2021-05-06,814,622,0,2021-05-06,488,383,0,2021-05-06,367,240,0,2021-05-06,175,147,0,2021-05-06,94,78,0,2021-05-06,42,53,0,2021-05-06,0,0,0
138,2021-05-07,206,302,0,2021-05-07,2021-05-07,416,691,0,2021-05-07,429,535,0,2021-05-07,281,349,0,2021-05-07,174,204,0,2021-05-07,104,109,0,2021-05-07,40,41,0,2021-05-07,0,39,0,2021-05-07,0,0,0
139,2021-05-08,25,46,0,2021-05-08,2021-05-08,62,174,0,2021-05-08,42,95,0,2021-05-08,23,51,0,2021-05-08,0,32,0,2021-05-08,0,0,0,2021-05-08,0,0,0,2021-05-08,0,0,0,2021-05-08,0,0,0
140,2021-05-09,435,687,0,2021-05-09,2021-05-09,745,1401,0,2021-05-09,626,1035,0,2021-05-09,406,569,0,2021-05-09,277,360,0,2021-05-09,133,290,0,2021-05-09,96,154,0,2021-05-09,38,86,0,2021-05-09,0,46,0
141,2021-05-10,398,694,0,2021-05-10,2021-05-10,704,1294,0,2021-05-10,639,1012,0,2021-05-10,434,598,0,2021-05-10,284,368,0,2021-05-10,148,253,0,2021-05-10,99,157,0,2021-05-10,39,102,0,2021-05-10,18,51,0
142,2021-05-11,387,479,0,2021-05-11,2021-05-11,684,1072,0,2021-05-11,553,846,0,2021-05-11,327,529,0,2021-05-11,220,333,0,2021-05-11,120,177,0,2021-05-11,68,125,0,2021-05-11,51,67,0,2021-05-11,0,17,0
143,2021-05-12,198,499,0,2021-05-12,2021-05-12,463,817,0,2021-05-12,475,702,0,2021-05-12,281,449,0,2021-05-12,174,261,0,2021-05-12,127,180,0,2021-05-12,54,94,0,2021-05-12,26,70,0,2021-05-12,21,29,0
144,2021-05-13,300,652,0,2021-05-13,2021-05-13,516,907,0,2021-05-13,390,749,0,2021-05-13,266,493,0,2021-05-13,151,278,0,2021-05-13,112,191,0,2021-05-13,52,128,0,2021-05-13,24,74,0,2021-05-13,0,0,0
145,2021-05-14,135,226,0,2021-05-14,2021-05-14,201,333,0,2021-05-14,172,335,0,2021-05-14,105,199,0,2021-05-14,85,123,0,2021-05-14,34,59,0,2021-05-14,26,35,0,2021-05-14,0,20,0,2021-05-14,0,0,0
146,2021-05-15,0,0,0,2021-05-15,2021-05-15,49,50,0,2021-05-15,30,29,0,2021-05-15,25,23,0,2021-05-15,0,42,0,2021-05-15,0,0,0,2021-05-15,0,0,0,2021-05-15,0,0,0,2021-05-15,0,0,0
147,2021-05-16,62,167,0,2021-05-16,2021-05-16,132,363,0,2021-05-16,87,267,0,2021-05-16,57,150,0,2021-05-16,43,90,0,2021-05-16,25,53,0,2021-05-16,15,27,0,2021-05-16,0,17,0,2021-05-16,0,0,0
148,2021-05-17,19,74,0,2021-05-17,2021-05-17,57,232,0,2021-05-17,37,136,0,2021-05-17,33,107,0,2021-05-17,24,112,0,2021-05-17,0,69,0,2021-05-17,0,23,0,2021-05-17,0,0,0,2021-05-17,0,0,0
149,2021-05-18,309,639,0,2021-05-18,2021-05-18,445,1224,0,2021-05-18,396,1152,0,2021-05-18,257,668,0,2021-05-18,192,452,0,2021-05-18,112,320,0,2021-05-18,64,214,0,2021-05-18,29,95,0,2021-05-18,0,40,0
150,2021-05-19,302,681,0,2021-05-19,2021-05-19,610,1445,0,2021-05-19,425,1066,0,2021-05-19,268,643,0,2021-05-19,171,454,0,2021-05-19,127,328,0,2021-05-19,64,140,0,2021-05-19,43,90,0,2021-05-19,26,30,0
151,2021-05-20,361,547,0,2021-05-20,2021-05-20,585,1003,0,2021-05-20,465,855,0,2021-05-20,281,516,0,2021-05-20,190,346,0,2021-05-20,122,211,0,2021-05-20,67,133,0,2021-05-20,21,81,0,2021-05-20,0,27,0
152,2021-05-21,163,210,0,2021-05-21,2021-05-21,289,319,0,2021-05-21,259,318,0,2021-05-21,139,171,0,2021-05-21,96,95,0,2021-05-21,51,68,0,2021-05-21,15,26,0,2021-05-21,0,22,0,2021-05-21,0,0,0
153,2021-05-22,19,34,0,2021-05-22,2021-05-22,51,109,0,2021-05-22,28,90,0,2021-05-22,16,55,0,2021-05-22,17,27,0,2021-05-22,0,0,0,2021-05-22,0,0,0,2021-05-22,0,0,0,2021-05-22,0,0,0
154,2021-05-23,360,502,0,2021-05-23,2021-05-23,613,881,0,2021-05-23,517,759,0,2021-05-23,285,421,0,2021-05-23,236,257,0,2021-05-23,107,148,0,2021-05-23,52,102,0,2021-05-23,24,46,0,2021-05-23,0,0,0
155,2021-05-24,329,493,0,2021-05-24,2021-05-24,514,878,0,2021-05-24,455,920,0,2021-05-24,250,507,0,2021-05-24,224,302,0,2021-05-24,114,174,0,2021-05-24,53,110,0,2021-05-24,26,63,0,2021-05-24,0,16,0
156,2021-05-25,231,349,0,2021-05-25,2021-05-25,400,612,0,2021-05-25,377,535,0,2021-05-25,263,353,0,2021-05-25,151,234,0,2021-05-25,131,171,0,2021-05-25,61,96,0,2021-05-25,29,68,0,2021-05-25,0,24,0
157,2021-05-26,204,354,0,2021-05-26,2021-05-26,340,606,0,2021-05-26,250,594,0,2021-05-26,176,327,0,2021-05-26,109,190,0,2021-05-26,73,130,0,2021-05-26,52,88,0,2021-05-26,24,51,0,2021-05-26,0,0,0
158,2021-05-27,260,570,0,2021-05-27,2021-05-27,476,880,0,2021-05-27,371,609,0,2021-05-27,229,356,0,2021-05-27,157,222,0,2021-05-27,74,144,0,2021-05-27,48,89,0,2021-05-27,21,63,0,2021-05-27,0,23,0
159,2021-05-28,93,148,0,2021-05-28,2021-05-28,168,248,0,2021-05-28,140,336,0,2021-05-28,99,218,0,2021-05-28,76,158,0,2021-05-28,32,85,0,2021-05-28,0,36,0,2021-05-28,0,0,0,2021-05-28,0,0,0
160,2021-05-29,0,25,0,2021-05-29,2021-05-29,26,64,0,2021-05-29,23,33,0,2021-05-29,24,20,0,2021-05-29,0,0,0,2021-05-29,0,0,0,2021-05-29,0,0,0,2021-05-29,0,0,0,2021-05-29,0,0,0
161,2021-05-30,226,282,0,2021-05-30,2021-05-30,400,474,0,2021-05-30,360,439,0,2021-05-30,226,273,0,2021-05-30,158,157,0,2021-05-30,93,102,0,2021-05-30,58,78,0,2021-05-30,24,35,0,2021-05-30,0,0,0
162,2021-05-31,178,308,0,2021-05-31,2021-05-31,485,513,0,2021-05-31,440,495,0,2021-05-31,207,271,0,2021-05-31,120,184,0,2021-05-31,86,117,0,2021-05-31,42,60,0,2021-05-31,0,18,0,2021-05-31,0,0,0
163,2021-06-01,188,279,0,2021-06-01,2021-06-01,348,453,0,2021-06-01,226,402,0,2021-06-01,175,220,0,2021-06-01,134,139,0,2021-06-01,57,96,0,2021-06-01,36,51,0,2021-06-01,26,38,0,2021-06-01,0,0,0
164,2021-06-02,195,233,0,2021-06-02,2021-06-02,442,411,0,2021-06-02,259,331,0,2021-06-02,186,189,0,2021-06-02,113,124,0,2021-06-02,69,79,0,2021-06-02,38,45,0,2021-06-02,15,26,0,2021-06-02,0,0,0
165,2021-06-03,490,211,0,2021-06-03,2021-06-03,388,338,0,2021-06-03,245,296,0,2021-06-03,167,174,0,2021-06-03,110,118,0,2021-06-03,67,87,0,2021-06-03,38,35,0,2021-06-03,0,30,0,2021-06-03,0,0,0
166,2021-06-04,516,77,0,2021-06-04,2021-06-04,96,116,0,2021-06-04,121,149,0,2021-06-04,102,92,0,2021-06-04,62,63,0,2021-06-04,18,28,0,2021-06-04,0,18,0,2021-06-04,0,0,0,2021-06-04,0,0,0
167,2021-06-05,23,0,0,2021-06-05,2021-06-05,33,19,0,2021-06-05,30,19,0,2021-06-05,0,0,0,2021-06-05,0,0,0,2021-06-05,0,0,0,2021-06-05,0,0,0,2021-06-05,0,0,0,2021-06-05,0,0,0
168,2021-06-06,3265,201,0,2021-06-06,2021-06-06,299,228,0,2021-06-06,254,188,0,2021-06-06,132,93,0,2021-06-06,119,71,0,2021-06-06,61,45,0,2021-06-06,41,30,0,2021-06-06,0,0,0,2021-06-06,0,0,0
169,2021-06-07,3030,84,0,2021-06-07,2021-06-07,451,181,0,2021-06-07,325,151,0,2021-06-07,186,95,0,2021-06-07,109,67,0,2021-06-07,67,36,0,2021-06-07,37,28,0,2021-06-07,27,23,0,2021-06-07,0,0,0
170,2021-06-08,2735,161,0,2021-06-08,2021-06-08,253,260,0,2021-06-08,262,241,0,2021-06-08,131,147,0,2021-06-08,96,105,0,2021-06-08,66,67,0,2021-06-08,21,28,0,2021-06-08,0,0,0,2021-06-08,0,0,0
171,2021-06-09,2521,206,0,2021-06-09,2021-06-09,315,324,0,2021-06-09,240,247,0,2021-06-09,158,131,0,2021-06-09,99,89,0,2021-06-09,63,69,0,2021-06-09,47,48,0,2021-06-09,16,28,0,2021-06-09,0,0,0
172,2021-06-10,2239,210,0,2021-06-10,2021-06-10,340,306,0,2021-06-10,247,255,0,2021-06-10,161,146,0,2021-06-10,99,92,0,2021-06-10,62,60,0,2021-06-10,26,36,0,2021-06-10,15,18,0,2021-06-10,0,0,0
173,2021-06-11,939,74,0,2021-06-11,2021-06-11,95,110,0,2021-06-11,89,103,0,2021-06-11,67,65,0,2021-06-11,40,33,0,2021-06-11,0,0,0,2021-06-11,0,0,0,2021-06-11,0,0,0,2021-06-11,0,0,0
174,2021-06-12,57,16,0,2021-06-12,2021-06-12,33,33,0,2021-06-12,26,18,0,2021-06-12,0,0,0,2021-06-12,0,0,0,2021-06-12,0,0,0,2021-06-12,0,0,0,2021-06-12,0,0,0,2021-06-12,0,0,0
175,2021-06-13,2122,221,0,2021-06-13,2021-06-13,292,311,0,2021-06-13,252,276,0,2021-06-13,167,147,0,2021-06-13,103,113,0,2021-06-13,64,53,0,2021-06-13,34,35,0,2021-06-13,0,0,0,2021-06-13,0,0,0
176,2021-06-14,1880,272,0,2021-06-14,2021-06-14,333,354,0,2021-06-14,277,298,0,2021-06-14,190,191,0,2021-06-14,105,128,0,2021-06-14,70,93,0,2021-06-14,28,25,0,2021-06-14,0,18,0,2021-06-14,0,0,0
177,2021-06-15,1943,191,0,2021-06-15,2021-06-15,339,305,0,2021-06-15,268,310,0,2021-06-15,178,148,0,2021-06-15,123,97,0,2021-06-15,78,72,0,2021-06-15,29,47,0,2021-06-15,15,23,0,2021-06-15,0,0,0
178,2021-06-16,1686,151,0,2021-06-16,2021-06-16,278,173,0,2021-06-16,238,179,0,2021-06-16,165,131,0,2021-06-16,116,62,0,2021-06-16,55,53,0,2021-06-16,28,46,0,2021-06-16,0,29,0,2021-06-16,0,15,0
179,2021-06-17,1521,175,0,2021-06-17,2021-06-17,355,258,0,2021-06-17,278,253,0,2021-06-17,200,139,0,2021-06-17,95,91,0,2021-06-17,65,50,0,2021-06-17,25,37,0,2021-06-17,16,0,0,2021-06-17,0,0,0
180,2021-06-18,715,45,0,2021-06-18,2021-06-18,117,78,0,2021-06-18,133,103,0,2021-06-18,79,55,0,2021-06-18,41,36,0,2021-06-18,23,17,0,2021-06-18,0,0,0,2021-06-18,0,0,0,2021-06-18,0,0,0
181,2021-06-19,58,0,0,2021-06-19,2021-06-19,37,23,0,2021-06-19,19,15,0,2021-06-19,0,18,0,2021-06-19,0,0,0,2021-06-19,0,0,0,2021-06-19,0,0,0,2021-06-19,0,0,0,2021-06-19,0,0,0
182,2021-06-20,2142,182,0,2021-06-20,2021-06-20,355,267,0,2021-06-20,296,296,0,2021-06-20,196,197,0,2021-06-20,133,137,0,2021-06-20,61,78,0,2021-06-20,34,42,0,2021-06-20,16,18,0,2021-06-20,0,0,0
183,2021-06-21,3510,246,0,2021-06-21,2021-06-21,604,257,0,2021-06-21,443,242,0,2021-06-21,227,125,0,2021-06-21,152,71,0,2021-06-21,75,61,0,2021-06-21,34,53,0,2021-06-21,0,0,0,2021-06-21,0,0,0
184,2021-06-22,5329,143,0,2021-06-22,2021-06-22,476,228,0,2021-06-22,373,225,0,2021-06-22,237,155,0,2021-06-22,167,96,0,2021-06-22,98,47,0,2021-06-22,47,31,0,2021-06-22,26,0,0,2021-06-22,0,0,0
185,2021-06-23,8790,191,0,2021-06-23,2021-06-23,559,319,0,2021-06-23,474,223,0,2021-06-23,321,151,0,2021-06-23,202,106,0,2021-06-23,125,66,0,2021-06-23,50,39,0,2021-06-23,36,21,0,2021-06-23,0,0,0
186,2021-06-24,9881,403,0,2021-06-24,2021-06-24,619,290,0,2021-06-24,496,231,0,2021-06-24,358,153,0,2021-06-24,268,101,0,2021-06-24,120,69,0,2021-06-24,79,44,0,2021-06-24,35,16,0,2021-06-24,0,0,0
187,2021-06-25,5968,430,0,2021-06-25,2021-06-25,245,73,0,2021-06-25,279,106,0,2021-06-25,222,83,0,2021-06-25,136,45,0,2021-06-25,50,22,0,2021-06-25,18,0,0,2021-06-25,0,0,0,2021-06-25,0,0,0
188,2021-06-26,1949,26,0,2021-06-26,2021-06-26,76,29,0,2021-06-26,55,29,0,2021-06-26,61,15,0,2021-06-26,34,0,0,2021-06-26,0,0,0,2021-06-26,0,0,0,2021-06-26,0,0,0,2021-06-26,0,0,0
189,2021-06-27,11006,2326,0,2021-06-27,2021-06-27,804,287,0,2021-06-27,733,264,0,2021-06-27,432,175,0,2021-06-27,287,137,0,2021-06-27,164,65,0,2021-06-27,65,51,0,2021-06-27,36,18,0,2021-06-27,0,0,0
190,2021-06-28,11743,2541,0,2021-06-28,2021-06-28,880,310,0,2021-06-28,632,247,0,2021-06-28,484,160,0,2021-06-28,327,104,0,2021-06-28,175,70,0,2021-06-28,70,46,0,2021-06-28,39,23,0,2021-06-28,0,0,0
191,2021-06-29,13540,2575,0,2021-06-29,2021-06-29,953,237,0,2021-06-29,760,278,0,2021-06-29,545,176,0,2021-06-29,377,126,0,2021-06-29,200,79,0,2021-06-29,100,50,0,2021-06-29,50,23,0,2021-06-29,0,0,0
192,2021-06-30,13314,2287,0,2021-06-30,2021-06-30,886,250,0,2021-06-30,789,228,0,2021-06-30,565,163,0,2021-06-30,349,133,0,2021-06-30,207,77,0,2021-06-30,107,41,0,2021-06-30,63,25,0,2021-06-30,0,0,0
193,2021-07-01,13506,2218,0,2021-07-01,2021-07-01,965,299,0,2021-07-01,799,238,0,2021-07-01,608,162,0,2021-07-01,395,125,0,2021-07-01,221,103,0,2021-07-01,92,45,0,2021-07-01,49,20,0,2021-07-01,16,0,0
194,2021-07-02,8009,1016,0,2021-07-02,2021-07-02,500,106,0,2021-07-02,477,100,0,2021-07-02,332,76,0,2021-07-02,207,65,0,2021-07-02,94,28,0,2021-07-02,41,17,0,2021-07-02,17,0,0,2021-07-02,0,0,0
195,2021-07-03,2052,103,0,2021-07-03,2021-07-03,179,54,0,2021-07-03,137,27,0,2021-07-03,117,28,0,2021-07-03,61,0,0,2021-07-03,30,0,0,2021-07-03,17,0,0,2021-07-03,0,0,0,2021-07-03,0,0,0
196,2021-07-04,14328,2107,0,2021-07-04,2021-07-04,1007,247,0,2021-07-04,819,241,0,2021-07-04,634,185,0,2021-07-04,426,119,0,2021-07-04,235,100,0,2021-07-04,125,57,0,2021-07-04,62,23,0,2021-07-04,0,0,0
197,2021-07-05,14032,1869,0,2021-07-05,2021-07-05,1186,282,0,2021-07-05,898,242,0,2021-07-05,702,199,0,2021-07-05,466,130,0,2021-07-05,237,92,0,2021-07-05,131,44,0,2021-07-05,45,15,0,2021-07-05,0,0,0
198,2021-07-06,13874,2049,0,2021-07-06,2021-07-06,1325,363,0,2021-07-06,928,321,0,2021-07-06,680,223,0,2021-07-06,418,126,0,2021-07-06,292,82,0,2021-07-06,143,50,0,2021-07-06,58,19,0,2021-07-06,16,0,0
199,2021-07-07,11981,1609,0,2021-07-07,2021-07-07,1033,237,0,2021-07-07,842,253,0,2021-07-07,697,153,0,2021-07-07,376,106,0,2021-07-07,233,91,0,2021-07-07,111,45,0,2021-07-07,66,25,0,2021-07-07,24,0,0
200,2021-07-08,12645,1668,0,2021-07-08,2021-07-08,1234,273,0,2021-07-08,958,264,0,2021-07-08,687,206,0,2021-07-08,412,129,0,2021-07-08,247,78,0,2021-07-08,143,41,0,2021-07-08,81,21,0,2021-07-08,29,0,0
201,2021-07-09,8642,846,0,2021-07-09,2021-07-09,734,101,0,2021-07-09,619,128,0,2021-07-09,493,102,0,2021-07-09,297,55,0,2021-07-09,124,52,0,2021-07-09,61,18,0,2021-07-09,42,20,0,2021-07-09,0,0,0
202,2021-07-10,3791,117,0,2021-07-10,2021-07-10,360,62,0,2021-07-10,272,44,0,2021-07-10,238,47,0,2021-07-10,135,23,0,2021-07-10,69,0,0,2021-07-10,25,0,0,2021-07-10,0,0,0,2021-07-10,0,0,0
203,2021-07-11,501,1969,0,2021-07-11,2021-07-11,298,238,0,2021-07-11,237,222,0,2021-07-11,171,152,0,2021-07-11,102,69,0,2021-07-11,49,67,0,2021-07-11,20,24,0,2021-07-11,0,21,0,2021-07-11,0,0,0
204,2021-07-12,1159,2683,0,2021-07-12,2021-07-12,447,296,0,2021-07-12,263,221,0,2021-07-12,214,135,0,2021-07-12,129,92,0,2021-07-12,71,54,0,2021-07-12,24,27,0,2021-07-12,0,0,0,2021-07-12,0,0,0
205,2021-07-13,1501,4309,0,2021-07-13,2021-07-13,535,373,0,2021-07-13,342,236,0,2021-07-13,209,156,0,2021-07-13,136,107,0,2021-07-13,65,53,0,2021-07-13,31,29,0,2021-07-13,18,16,0,2021-07-13,0,0,0
206,2021-07-14,1455,6490,0,2021-07-14,2021-07-14,447,248,0,2021-07-14,257,254,0,2021-07-14,194,141,0,2021-07-14,114,87,0,2021-07-14,77,65,0,2021-07-14,36,39,0,2021-07-14,24,24,0,2021-07-14,0,0,0
207,2021-07-15,1658,8115,0,2021-07-15,2021-07-15,448,304,0,2021-07-15,285,246,0,2021-07-15,202,184,0,2021-07-15,136,105,0,2021-07-15,76,60,0,2021-07-15,34,61,0,2021-07-15,0,23,0,2021-07-15,0,0,0
208,2021-07-16,678,5290,0,2021-07-16,2021-07-16,181,103,0,2021-07-16,119,117,0,2021-07-16,84,118,0,2021-07-16,51,62,0,2021-07-16,24,26,0,2021-07-16,0,16,0,2021-07-16,0,0,0,2021-07-16,0,0,0
209,2021-07-17,198,1194,0,2021-07-17,2021-07-17,52,35,0,2021-07-17,19,25,0,2021-07-17,15,20,0,2021-07-17,0,17,0,2021-07-17,0,0,0,2021-07-17,0,0,0,2021-07-17,0,0,0,2021-07-17,0,0,0
210,2021-07-18,1206,8772,0,2021-07-18,2021-07-18,268,256,0,2021-07-18,220,253,0,2021-07-18,143,160,0,2021-07-18,84,116,0,2021-07-18,48,62,0,2021-07-18,26,35,0,2021-07-18,0,20,0,2021-07-18,0,0,0
211,2021-07-19,1840,10102,0,2021-07-19,2021-07-19,479,340,0,2021-07-19,296,278,0,2021-07-19,222,175,0,2021-07-19,117,113,0,2021-07-19,74,74,0,2021-07-19,43,38,0,2021-07-19,25,25,0,2021-07-19,0,0,0
212,2021-07-20,1495,10618,0,2021-07-20,2021-07-20,364,314,0,2021-07-20,251,296,0,2021-07-20,177,181,0,2021-07-20,102,113,0,2021-07-20,72,86,0,2021-07-20,44,54,0,2021-07-20,25,52,0,2021-07-20,0,24,0
213,2021-07-21,1350,10579,0,2021-07-21,2021-07-21,304,256,0,2021-07-21,217,290,0,2021-07-21,159,187,0,2021-07-21,115,135,0,2021-07-21,53,100,0,2021-07-21,35,71,0,2021-07-21,21,44,0,2021-07-21,0,0,0
214,2021-07-22,1640,11805,0,2021-07-22,2021-07-22,384,277,0,2021-07-22,277,361,0,2021-07-22,210,268,0,2021-07-22,140,172,0,2021-07-22,80,91,0,2021-07-22,36,52,0,2021-07-22,16,35,0,2021-07-22,0,0,0
215,2021-07-23,1258,7457,0,2021-07-23,2021-07-23,206,141,0,2021-07-23,200,195,0,2021-07-23,129,95,0,2021-07-23,67,83,0,2021-07-23,37,36,0,2021-07-23,0,22,0,2021-07-23,0,0,0,2021-07-23,0,0,0
216,2021-07-24,390,1200,0,2021-07-24,2021-07-24,68,84,0,2021-07-24,50,39,0,2021-07-24,40,42,0,2021-07-24,18,0,0,2021-07-24,0,0,0,2021-07-24,0,0,0,2021-07-24,0,0,0,2021-07-24,0,0,0
217,2021-07-25,2803,13872,0,2021-07-25,2021-07-25,530,425,0,2021-07-25,373,416,0,2021-07-25,267,251,0,2021-07-25,157,175,0,2021-07-25,117,113,0,2021-07-25,62,79,0,2021-07-25,27,39,0,2021-07-25,0,0,0
218,2021-07-26,3383,11820,0,2021-07-26,2021-07-26,581,501,0,2021-07-26,415,371,0,2021-07-26,300,243,0,2021-07-26,172,170,0,2021-07-26,105,113,0,2021-07-26,54,75,0,2021-07-26,24,34,0,2021-07-26,0,0,0
219,2021-07-27,3526,11566,0,2021-07-27,2021-07-27,682,609,0,2021-07-27,457,472,0,2021-07-27,337,281,0,2021-07-27,186,189,0,2021-07-27,101,137,0,2021-07-27,51,83,0,2021-07-27,27,32,0,2021-07-27,15,15,0
220,2021-07-28,2460,10604,0,2021-07-28,2021-07-28,464,395,0,2021-07-28,387,429,0,2021-07-28,255,256,0,2021-07-28,161,197,0,2021-07-28,83,122,0,2021-07-28,44,86,0,2021-07-28,43,49,0,2021-07-28,0,31,0
221,2021-07-29,2929,12002,0,2021-07-29,2021-07-29,513,523,0,2021-07-29,449,548,0,2021-07-29,301,359,0,2021-07-29,189,185,0,2021-07-29,86,160,0,2021-07-29,61,103,0,2021-07-29,27,56,0,2021-07-29,0,27,0
222,2021-07-30,1616,9490,0,2021-07-30,2021-07-30,261,303,0,2021-07-30,233,339,0,2021-07-30,181,231,0,2021-07-30,130,145,0,2021-07-30,50,88,1896,2021-07-30,32,37,1593,2021-07-30,0,24,441,2021-07-30,0,0,58
223,2021-07-31,992,2974,0,2021-07-31,2021-07-31,132,155,0,2021-07-31,99,135,0,2021-07-31,62,88,0,2021-07-31,39,50,0,2021-07-31,20,41,2906,2021-07-31,0,16,2439,2021-07-31,0,0,648,2021-07-31,0,0,89
224,2021-08-01,2101,2736,0,2021-08-01,2021-08-01,275,156,0,2021-08-01,196,105,0,2021-08-01,161,70,0,2021-08-01,80,50,0,2021-08-01,59,67,11878,2021-08-01,50,49,12737,2021-08-01,67,28,5178,2021-08-01,34,0,943
225,2021-08-02,2074,2166,0,2021-08-02,2021-08-02,329,243,0,2021-08-02,201,157,0,2021-08-02,132,98,0,2021-08-02,106,93,0,2021-08-02,81,124,22304,2021-08-02,61,84,23943,2021-08-02,34,43,9773,2021-08-02,16,15,2128
226,2021-08-03,2184,2083,0,2021-08-03,2021-08-03,375,318,0,2021-08-03,248,207,0,2021-08-03,170,110,0,2021-08-03,102,88,0,2021-08-03,98,171,30233,2021-08-03,78,118,31954,2021-08-03,41,42,13381,2021-08-03,0,21,2973
227,2021-08-04,2360,1999,0,2021-08-04,2021-08-04,320,247,0,2021-08-04,260,213,0,2021-08-04,172,140,0,2021-08-04,122,73,0,2021-08-04,105,185,31340,2021-08-04,79,137,32319,2021-08-04,44,60,13702,2021-08-04,0,19,2891
228,2021-08-05,2979,2191,0,2021-08-05,2021-08-05,466,274,0,2021-08-05,295,237,0,2021-08-05,221,146,0,2021-08-05,144,105,0,2021-08-05,137,224,35459,2021-08-05,99,158,35065,2021-08-05,64,76,14257,2021-08-05,16,23,3012
229,2021-08-06,1731,1107,0,2021-08-06,2021-08-06,149,111,0,2021-08-06,148,110,0,2021-08-06,109,69,0,2021-08-06,65,61,0,2021-08-06,72,134,19227,2021-08-06,51,68,16795,2021-08-06,22,31,6902,2021-08-06,0,0,1442
230,2021-08-07,687,311,0,2021-08-07,2021-08-07,86,75,0,2021-08-07,67,36,0,2021-08-07,39,28,0,2021-08-07,34,27,0,2021-08-07,24,66,11963,2021-08-07,20,37,10457,2021-08-07,0,15,3901,2021-08-07,0,0,742
231,2021-08-08,3473,1740,0,2021-08-08,2021-08-08,418,263,0,2021-08-08,314,232,0,2021-08-08,278,142,0,2021-08-08,164,120,0,2021-08-08,171,257,33191,2021-08-08,94,159,30422,2021-08-08,57,72,12858,2021-08-08,24,0,2545
232,2021-08-09,3662,1581,0,2021-08-09,2021-08-09,470,326,0,2021-08-09,356,220,0,2021-08-09,272,163,0,2021-08-09,161,99,0,2021-08-09,178,269,31528,2021-08-09,109,159,28391,2021-08-09,67,74,12459,2021-08-09,17,0,2670
233,2021-08-10,3512,1517,0,2021-08-10,2021-08-10,612,328,0,2021-08-10,454,251,92,2021-08-10,330,164,499,2021-08-10,216,152,923,2021-08-10,170,286,31692,2021-08-10,129,220,27191,2021-08-10,66,106,12283,2021-08-10,23,21,2415
234,2021-08-11,3562,1449,0,2021-08-11,2021-08-11,558,294,0,2021-08-11,438,261,79,2021-08-11,347,171,580,2021-08-11,242,140,1051,2021-08-11,227,242,26339,2021-08-11,140,158,22042,2021-08-11,70,68,10106,2021-08-11,19,0,2139
235,2021-08-12,4714,1699,0,2021-08-12,2021-08-12,539,348,0,2021-08-12,554,261,78,2021-08-12,401,183,454,2021-08-12,310,168,807,2021-08-12,243,255,26003,2021-08-12,141,157,20244,2021-08-12,76,78,9465,2021-08-12,27,18,2098
236,2021-08-13,2689,1039,0,2021-08-13,2021-08-13,279,193,0,2021-08-13,258,177,83,2021-08-13,189,119,349,2021-08-13,125,164,16692,2021-08-13,104,147,13500,2021-08-13,62,72,8219,2021-08-13,36,26,3924,2021-08-13,0,0,904
237,2021-08-14,1495,284,0,2021-08-14,2021-08-14,191,94,0,2021-08-14,143,53,98,2021-08-14,124,56,362,2021-08-14,135,169,26951,2021-08-14,73,58,8971,2021-08-14,57,35,5210,2021-08-14,19,0,2239,2021-08-14,0,0,488
238,2021-08-15,4698,2431,0,2021-08-15,2021-08-15,643,415,0,2021-08-15,562,342,1504,2021-08-15,424,239,2943,2021-08-15,349,466,50072,2021-08-15,275,269,21557,2021-08-15,133,166,13474,2021-08-15,73,84,6535,2021-08-15,0,19,1371
239,2021-08-16,4231,2461,0,2021-08-16,2021-08-16,722,411,0,2021-08-16,583,337,1946,2021-08-16,490,276,3233,2021-08-16,440,597,46129,2021-08-16,250,296,18496,2021-08-16,186,153,11927,2021-08-16,70,51,5946,2021-08-16,16,15,1302
240,2021-08-17,4643,2713,0,2021-08-17,2021-08-17,687,506,0,2021-08-17,673,393,2292,2021-08-17,536,296,4339,2021-08-17,439,519,42801,2021-08-17,273,289,17028,2021-08-17,185,166,10234,2021-08-17,88,90,4871,2021-08-17,23,20,1120
241,2021-08-18,5588,2423,0,2021-08-18,2021-08-18,775,440,0,2021-08-18,715,381,1947,2021-08-18,528,302,3503,2021-08-18,498,464,35096,2021-08-18,281,264,14301,2021-08-18,141,142,8523,2021-08-18,75,53,4130,2021-08-18,18,0,974
242,2021-08-19,6640,2772,0,2021-08-19,2021-08-19,869,512,0,2021-08-19,788,394,2155,2021-08-19,636,374,4082,2021-08-19,513,503,33828,2021-08-19,328,301,13704,2021-08-19,162,162,7251,2021-08-19,85,67,3505,2021-08-19,27,19,771
243,2021-08-20,3220,1377,0,2021-08-20,2021-08-20,353,253,0,2021-08-20,347,229,1275,2021-08-20,319,296,26206,2021-08-20,260,333,21029,2021-08-20,132,109,6673,2021-08-20,75,58,2938,2021-08-20,32,16,1407,2021-08-20,0,0,295
244,2021-08-21,2618,717,0,2021-08-21,2021-08-21,240,153,0,2021-08-21,177,114,1442,2021-08-21,232,218,31502,2021-08-21,136,163,11924,2021-08-21,50,82,3112,2021-08-21,30,30,1432,2021-08-21,0,0,666,2021-08-21,0,0,137
245,2021-08-22,6365,2679,0,2021-08-22,2021-08-22,918,365,0,2021-08-22,769,330,5756,2021-08-22,799,562,51181,2021-08-22,499,394,25855,2021-08-22,295,220,10519,2021-08-22,152,130,5928,2021-08-22,92,56,2700,2021-08-22,23,15,575
246,2021-08-23,7178,2255,0,2021-08-23,2021-08-23,946,356,0,2021-08-23,889,323,8630,2021-08-23,907,534,43410,2021-08-23,530,388,21243,2021-08-23,278,226,8932,2021-08-23,156,136,4983,2021-08-23,72,58,2429,2021-08-23,27,0,568
247,2021-08-24,7798,2350,0,2021-08-24,2021-08-24,1031,443,0,2021-08-24,1009,354,18350,2021-08-24,903,548,40236,2021-08-24,554,416,19000,2021-08-24,302,241,7971,2021-08-24,163,127,4571,2021-08-24,75,67,2069,2021-08-24,17,0,539
