,index,date,age_group,count
0,3097,31-12-2020,?? ????,66
1,3096,31-12-2020,60+,321
2,3095,31-12-2020,50-59,321
3,3094,31-12-2020,40-49,450
4,3093,31-12-2020,30-39,563
5,3092,31-12-2020,20-29,716
6,3091,31-12-2020,0-19,1850
7,3087,31-10-2020,40-49,105
8,3084,31-10-2020,0-19,310
9,3085,31-10-2020,20-29,136
10,3086,31-10-2020,30-39,103
11,3088,31-10-2020,50-59,60
12,3089,31-10-2020,60+,70
13,3090,31-10-2020,?? ????,11
14,3083,31-08-2020,?? ????,13
15,3082,31-08-2020,60+,171
16,3081,31-08-2020,50-59,147
17,3080,31-08-2020,40-49,155
18,3079,31-08-2020,30-39,212
19,3078,31-08-2020,20-29,281
20,3077,31-08-2020,0-19,497
21,3072,31-07-2020,30-39,169
22,3070,31-07-2020,0-19,430
23,3071,31-07-2020,20-29,264
24,3073,31-07-2020,40-49,154
25,3075,31-07-2020,60+,153
26,3076,31-07-2020,?? ????,5
27,3074,31-07-2020,50-59,118
28,3069,31-05-2021,60+,4
29,3068,31-05-2021,50-59,3
30,3067,31-05-2021,40-49,4
31,3066,31-05-2021,30-39,3
32,3065,31-05-2021,20-29,5
33,3064,31-05-2021,0-19,8
34,3061,31-05-2020,40-49,4
35,3060,31-05-2020,30-39,8
36,3058,31-05-2020,0-19,19
37,3059,31-05-2020,20-29,15
38,3062,31-05-2020,50-59,4
39,3063,31-05-2020,60+,11
40,3057,31-03-2021,?? ????,5
41,3056,31-03-2021,60+,81
42,3055,31-03-2021,50-59,88
43,3054,31-03-2021,40-49,128
44,3053,31-03-2021,30-39,146
45,3052,31-03-2021,20-29,210
46,3051,31-03-2021,0-19,426
47,3045,31-03-2020,0-19,14
48,3047,31-03-2020,30-39,4
49,3046,31-03-2020,20-29,6
50,3049,31-03-2020,50-59,1
51,3048,31-03-2020,40-49,5
52,3050,31-03-2020,60+,13
53,3044,31-01-2021,?? ????,44
54,3043,31-01-2021,60+,891
55,3042,31-01-2021,50-59,815
56,3041,31-01-2021,40-49,1027
57,3040,31-01-2021,30-39,1167
58,3039,31-01-2021,20-29,2396
59,3038,31-01-2021,0-19,3829
60,3033,30-12-2020,30-39,443
61,3031,30-12-2020,0-19,1683
62,3032,30-12-2020,20-29,605
63,3034,30-12-2020,40-49,407
64,3035,30-12-2020,50-59,287
65,3036,30-12-2020,60+,280
66,3037,30-12-2020,?? ????,39
67,3030,30-11-2020,?? ????,12
68,3029,30-11-2020,60+,76
69,3028,30-11-2020,50-59,77
70,3027,30-11-2020,40-49,87
71,3026,30-11-2020,30-39,75
72,3025,30-11-2020,20-29,144
73,3024,30-11-2020,0-19,268
74,3020,30-10-2020,40-49,122
75,3017,30-10-2020,0-19,424
76,3018,30-10-2020,20-29,142
77,3019,30-10-2020,30-39,133
78,3023,30-10-2020,?? ????,18
79,3021,30-10-2020,50-59,85
80,3022,30-10-2020,60+,142
81,3016,30-09-2020,?? ????,25
82,3015,30-09-2020,60+,543
83,3014,30-09-2020,50-59,460
84,3013,30-09-2020,40-49,658
85,3012,30-09-2020,30-39,734
86,3011,30-09-2020,20-29,831
87,3010,30-09-2020,0-19,1993
88,3006,30-08-2020,40-49,362
89,3003,30-08-2020,0-19,529
90,3004,30-08-2020,20-29,470
91,3005,30-08-2020,30-39,359
92,3009,30-08-2020,?? ????,10
93,3007,30-08-2020,50-59,310
94,3008,30-08-2020,60+,243
95,2999,30-07-2020,40-49,173
96,2996,30-07-2020,0-19,603
97,2997,30-07-2020,20-29,357
98,2998,30-07-2020,30-39,229
99,3002,30-07-2020,?? ????,8
100,3000,30-07-2020,50-59,143
101,3001,30-07-2020,60+,171
102,2995,30-06-2020,?? ????,1
103,2994,30-06-2020,60+,15
104,2993,30-06-2020,50-59,11
105,2992,30-06-2020,40-49,21
106,2991,30-06-2020,30-39,21
107,2990,30-06-2020,20-29,21
108,2989,30-06-2020,0-19,40
109,2985,30-05-2021,30-39,13
110,2983,30-05-2021,0-19,25
111,2984,30-05-2021,20-29,9
112,2986,30-05-2021,40-49,7
113,2987,30-05-2021,50-59,11
114,2988,30-05-2021,60+,6
115,2982,30-05-2020,60+,2
116,2981,30-05-2020,50-59,4
117,2980,30-05-2020,40-49,5
118,2979,30-05-2020,30-39,6
119,2978,30-05-2020,20-29,6
120,2977,30-05-2020,0-19,17
121,2973,30-04-2021,30-39,19
122,2971,30-04-2021,0-19,32
123,2972,30-04-2021,20-29,25
124,2976,30-04-2021,60+,12
125,2974,30-04-2021,40-49,24
126,2975,30-04-2021,50-59,18
127,2967,30-04-2020,40-49,55
128,2965,30-04-2020,20-29,78
129,2966,30-04-2020,30-39,64
130,2964,30-04-2020,0-19,127
131,2968,30-04-2020,50-59,48
132,2969,30-04-2020,60+,46
133,2970,30-04-2020,?? ????,6
134,2963,30-03-2021,?? ????,2
135,2962,30-03-2021,60+,51
136,2961,30-03-2021,50-59,56
137,2960,30-03-2021,40-49,120
138,2959,30-03-2021,30-39,125
139,2958,30-03-2021,20-29,154
140,2957,30-03-2021,0-19,319
141,2954,30-03-2020,40-49,3
142,2951,30-03-2020,0-19,12
143,2953,30-03-2020,30-39,5
144,2952,30-03-2020,20-29,6
145,2955,30-03-2020,50-59,3
146,2956,30-03-2020,60+,4
147,2947,30-01-2021,40-49,471
148,2945,30-01-2021,20-29,736
149,2946,30-01-2021,30-39,527
150,2944,30-01-2021,0-19,1110
151,2948,30-01-2021,50-59,351
152,2949,30-01-2021,60+,357
153,2950,30-01-2021,?? ????,24
154,2943,29-12-2020,?? ????,28
155,2942,29-12-2020,60+,202
156,2941,29-12-2020,50-59,173
157,2940,29-12-2020,40-49,260
158,2939,29-12-2020,30-39,295
159,2938,29-12-2020,20-29,395
160,2937,29-12-2020,0-19,1043
161,2933,29-11-2020,40-49,115
162,2931,29-11-2020,20-29,174
163,2932,29-11-2020,30-39,144
164,2930,29-11-2020,0-19,448
165,2934,29-11-2020,50-59,91
166,2936,29-11-2020,?? ????,7
167,2935,29-11-2020,60+,130
168,2929,29-10-2020,?? ????,9
169,2928,29-10-2020,60+,156
170,2927,29-10-2020,50-59,120
171,2926,29-10-2020,40-49,162
172,2925,29-10-2020,30-39,200
173,2924,29-10-2020,20-29,226
174,2923,29-10-2020,0-19,569
175,2919,29-09-2020,40-49,722
176,2916,29-09-2020,0-19,2159
177,2917,29-09-2020,20-29,935
178,2918,29-09-2020,30-39,837
179,2920,29-09-2020,50-59,509
180,2921,29-09-2020,60+,614
181,2922,29-09-2020,?? ????,54
182,2915,29-08-2020,?? ????,8
183,2914,29-08-2020,60+,102
184,2913,29-08-2020,50-59,98
185,2912,29-08-2020,40-49,103
186,2911,29-08-2020,30-39,96
187,2910,29-08-2020,20-29,143
188,2909,29-08-2020,0-19,162
189,2905,29-07-2020,40-49,167
190,2902,29-07-2020,0-19,468
191,2904,29-07-2020,30-39,192
192,2903,29-07-2020,20-29,271
193,2906,29-07-2020,50-59,146
194,2908,29-07-2020,?? ????,9
195,2907,29-07-2020,60+,154
196,2901,29-06-2020,60+,11
197,2900,29-06-2020,50-59,9
198,2899,29-06-2020,40-49,29
199,2898,29-06-2020,30-39,26
200,2897,29-06-2020,20-29,29
201,2896,29-06-2020,0-19,60
202,2893,29-05-2021,40-49,4
203,2890,29-05-2021,0-19,3
204,2891,29-05-2021,20-29,3
205,2892,29-05-2021,30-39,2
206,2894,29-05-2021,50-59,3
207,2895,29-05-2021,60+,2
208,2889,29-05-2020,60+,7
209,2888,29-05-2020,50-59,4
210,2887,29-05-2020,40-49,3
211,2886,29-05-2020,30-39,3
212,2885,29-05-2020,20-29,7
213,2884,29-05-2020,0-19,15
214,2879,29-04-2021,30-39,17
215,2877,29-04-2021,0-19,66
216,2878,29-04-2021,20-29,33
217,2880,29-04-2021,40-49,20
218,2882,29-04-2021,60+,15
219,2883,29-04-2021,?? ????,1
220,2881,29-04-2021,50-59,19
221,2871,29-04-2020,20-29,72
222,2876,29-04-2020,?? ????,2
223,2875,29-04-2020,60+,26
224,2874,29-04-2020,50-59,31
225,2873,29-04-2020,40-49,39
226,2872,29-04-2020,30-39,45
227,2870,29-04-2020,0-19,137
228,2866,29-03-2021,40-49,173
229,2863,29-03-2021,0-19,516
230,2864,29-03-2021,20-29,269
231,2865,29-03-2021,30-39,206
232,2869,29-03-2021,?? ????,9
233,2867,29-03-2021,50-59,147
234,2868,29-03-2021,60+,151
235,2860,29-03-2020,30-39,3
236,2859,29-03-2020,20-29,2
237,2858,29-03-2020,0-19,7
238,2861,29-03-2020,50-59,1
239,2862,29-03-2020,60+,2
240,2852,29-01-2021,20-29,1559
241,2854,29-01-2021,40-49,928
242,2851,29-01-2021,0-19,2395
243,2853,29-01-2021,30-39,1112
244,2856,29-01-2021,60+,853
245,2855,29-01-2021,50-59,715
246,2857,29-01-2021,?? ????,50
247,2847,28-12-2020,40-49,280
248,2845,28-12-2020,20-29,414
249,2846,28-12-2020,30-39,331
250,2844,28-12-2020,0-19,1037
251,2848,28-12-2020,50-59,214
252,2849,28-12-2020,60+,188
253,2850,28-12-2020,?? ????,23
254,2843,28-11-2020,?? ????,10
255,2842,28-11-2020,60+,55
256,2841,28-11-2020,50-59,40
257,2840,28-11-2020,40-49,42
258,2839,28-11-2020,30-39,49
259,2838,28-11-2020,20-29,62
260,2837,28-11-2020,0-19,164
261,2833,28-10-2020,40-49,160
262,2831,28-10-2020,20-29,201
263,2832,28-10-2020,30-39,177
264,2830,28-10-2020,0-19,468
265,2834,28-10-2020,50-59,126
266,2836,28-10-2020,?? ????,14
267,2835,28-10-2020,60+,157
268,2829,28-09-2020,?? ????,27
269,2828,28-09-2020,60+,229
270,2827,28-09-2020,50-59,201
271,2826,28-09-2020,40-49,267
272,2825,28-09-2020,30-39,304
273,2824,28-09-2020,20-29,364
274,2823,28-09-2020,0-19,790
275,2819,28-08-2020,40-49,240
276,2816,28-08-2020,0-19,563
277,2817,28-08-2020,20-29,369
278,2818,28-08-2020,30-39,258
279,2820,28-08-2020,50-59,205
280,2821,28-08-2020,60+,190
281,2822,28-08-2020,?? ????,11
282,2815,28-07-2020,?? ????,10
283,2814,28-07-2020,60+,159
284,2813,28-07-2020,50-59,145
285,2812,28-07-2020,40-49,161
286,2811,28-07-2020,30-39,233
287,2810,28-07-2020,20-29,327
288,2809,28-07-2020,0-19,520
289,2806,28-06-2021,30-39,6
290,2805,28-06-2021,20-29,6
291,2804,28-06-2021,0-19,10
292,2807,28-06-2021,50-59,5
293,2808,28-06-2021,60+,1
294,2803,28-06-2020,?? ????,2
295,2802,28-06-2020,60+,15
296,2801,28-06-2020,50-59,11
297,2800,28-06-2020,40-49,18
298,2799,28-06-2020,30-39,26
299,2798,28-06-2020,20-29,20
300,2797,28-06-2020,0-19,48
301,2793,28-05-2021,30-39,11
302,2791,28-05-2021,0-19,4
303,2792,28-05-2021,20-29,11
304,2794,28-05-2021,40-49,6
305,2795,28-05-2021,50-59,3
306,2796,28-05-2021,60+,5
307,2790,28-05-2020,60+,8
308,2789,28-05-2020,50-59,4
309,2788,28-05-2020,40-49,10
310,2787,28-05-2020,30-39,14
311,2786,28-05-2020,20-29,17
312,2785,28-05-2020,0-19,62
313,2781,28-04-2021,30-39,23
314,2779,28-04-2021,0-19,58
315,2780,28-04-2021,20-29,37
316,2782,28-04-2021,40-49,30
317,2784,28-04-2021,60+,13
318,2783,28-04-2021,50-59,17
319,2778,28-04-2020,?? ????,1
320,2777,28-04-2020,60+,57
321,2776,28-04-2020,50-59,55
322,2775,28-04-2020,40-49,69
323,2774,28-04-2020,30-39,92
324,2773,28-04-2020,20-29,106
325,2772,28-04-2020,0-19,180
326,2770,28-03-2021,60+,70
327,2767,28-03-2021,30-39,118
328,2765,28-03-2021,0-19,367
329,2766,28-03-2021,20-29,169
330,2771,28-03-2021,?? ????,3
331,2768,28-03-2021,40-49,92
332,2769,28-03-2021,50-59,63
333,2764,28-03-2020,60+,1
334,2763,28-03-2020,50-59,1
335,2762,28-03-2020,20-29,1
336,2761,28-03-2020,0-19,6
337,2754,28-02-2021,0-19,1591
338,2756,28-02-2021,30-39,819
339,2755,28-02-2021,20-29,1191
340,2757,28-02-2021,40-49,800
341,2759,28-02-2021,60+,646
342,2760,28-02-2021,?? ????,20
343,2758,28-02-2021,50-59,618
344,2747,28-01-2021,0-19,2970
345,2750,28-01-2021,40-49,1126
346,2748,28-01-2021,20-29,2132
347,2749,28-01-2021,30-39,1370
348,2751,28-01-2021,50-59,806
349,2752,28-01-2021,60+,857
350,2753,28-01-2021,?? ????,44
351,2740,27-12-2020,0-19,1640
352,2746,27-12-2020,?? ????,35
353,2745,27-12-2020,60+,363
354,2744,27-12-2020,50-59,378
355,2743,27-12-2020,40-49,471
356,2742,27-12-2020,30-39,563
357,2741,27-12-2020,20-29,780
358,2733,27-11-2020,0-19,281
359,2736,27-11-2020,40-49,85
360,2735,27-11-2020,30-39,108
361,2734,27-11-2020,20-29,99
362,2737,27-11-2020,50-59,54
363,2739,27-11-2020,?? ????,1
364,2738,27-11-2020,60+,65
365,2732,27-10-2020,?? ????,9
366,2731,27-10-2020,60+,92
367,2730,27-10-2020,50-59,86
368,2729,27-10-2020,40-49,132
369,2728,27-10-2020,30-39,128
370,2727,27-10-2020,20-29,145
371,2726,27-10-2020,0-19,368
372,2722,27-09-2020,40-49,769
373,2719,27-09-2020,0-19,2025
374,2720,27-09-2020,20-29,949
375,2721,27-09-2020,30-39,846
376,2724,27-09-2020,60+,541
377,2723,27-09-2020,50-59,543
378,2725,27-09-2020,?? ????,46
379,2718,27-08-2020,?? ????,24
380,2717,27-08-2020,60+,151
381,2716,27-08-2020,50-59,144
382,2715,27-08-2020,40-49,145
383,2714,27-08-2020,30-39,229
384,2713,27-08-2020,20-29,292
385,2712,27-08-2020,0-19,536
386,2706,27-07-2020,20-29,386
387,2708,27-07-2020,40-49,211
388,2705,27-07-2020,0-19,545
389,2707,27-07-2020,30-39,255
390,2711,27-07-2020,?? ????,15
391,2709,27-07-2020,50-59,135
392,2710,27-07-2020,60+,218
393,2704,27-06-2021,60+,1
394,2703,27-06-2021,50-59,7
395,2702,27-06-2021,40-49,11
396,2701,27-06-2021,30-39,13
397,2700,27-06-2021,20-29,15
398,2699,27-06-2021,0-19,26
399,2695,27-06-2020,30-39,7
400,2693,27-06-2020,0-19,15
401,2694,27-06-2020,20-29,11
402,2696,27-06-2020,40-49,8
403,2697,27-06-2020,50-59,5
404,2698,27-06-2020,60+,4
405,2692,27-05-2021,60+,6
406,2691,27-05-2021,50-59,3
407,2690,27-05-2021,40-49,8
408,2689,27-05-2021,30-39,6
409,2688,27-05-2021,20-29,2
410,2687,27-05-2021,0-19,15
411,2681,27-05-2020,0-19,26
412,2683,27-05-2020,30-39,5
413,2682,27-05-2020,20-29,11
414,2684,27-05-2020,40-49,6
415,2686,27-05-2020,60+,9
416,2685,27-05-2020,50-59,5
417,2675,27-04-2021,0-19,38
418,2680,27-04-2021,60+,15
419,2679,27-04-2021,50-59,17
420,2678,27-04-2021,40-49,29
421,2677,27-04-2021,30-39,26
422,2676,27-04-2021,20-29,24
423,2671,27-04-2020,40-49,67
424,2668,27-04-2020,0-19,156
425,2669,27-04-2020,20-29,91
426,2670,27-04-2020,30-39,74
427,2673,27-04-2020,60+,36
428,2672,27-04-2020,50-59,39
429,2674,27-04-2020,?? ????,4
430,2665,27-03-2021,40-49,74
431,2664,27-03-2021,30-39,90
432,2662,27-03-2021,0-19,408
433,2666,27-03-2021,50-59,76
434,2667,27-03-2021,60+,63
435,2663,27-03-2021,20-29,149
436,2658,27-03-2020,20-29,2
437,2657,27-03-2020,0-19,7
438,2659,27-03-2020,30-39,3
439,2660,27-03-2020,50-59,3
440,2661,27-03-2020,60+,3
441,2650,27-02-2021,0-19,480
442,2656,27-02-2021,?? ????,6
443,2655,27-02-2021,60+,157
444,2654,27-02-2021,50-59,189
445,2653,27-02-2021,40-49,236
446,2652,27-02-2021,30-39,241
447,2651,27-02-2021,20-29,265
448,2643,27-01-2021,0-19,2758
449,2644,27-01-2021,20-29,2071
450,2645,27-01-2021,30-39,1294
451,2646,27-01-2021,40-49,1021
452,2647,27-01-2021,50-59,714
453,2648,27-01-2021,60+,840
454,2649,27-01-2021,?? ????,54
455,2639,26-12-2020,40-49,231
456,2636,26-12-2020,0-19,711
457,2638,26-12-2020,30-39,226
458,2637,26-12-2020,20-29,343
459,2640,26-12-2020,50-59,153
460,2641,26-12-2020,60+,151
461,2642,26-12-2020,?? ????,14
462,2629,26-11-2020,0-19,360
463,2632,26-11-2020,40-49,104
464,2630,26-11-2020,20-29,145
465,2631,26-11-2020,30-39,123
466,2635,26-11-2020,?? ????,9
467,2633,26-11-2020,50-59,90
468,2634,26-11-2020,60+,100
469,2625,26-10-2020,40-49,129
470,2622,26-10-2020,0-19,543
471,2624,26-10-2020,30-39,173
472,2623,26-10-2020,20-29,190
473,2626,26-10-2020,50-59,122
474,2627,26-10-2020,60+,113
475,2628,26-10-2020,?? ????,30
476,2621,26-09-2020,?? ????,18
477,2620,26-09-2020,60+,256
478,2619,26-09-2020,50-59,235
479,2618,26-09-2020,40-49,318
480,2617,26-09-2020,30-39,313
481,2616,26-09-2020,20-29,388
482,2615,26-09-2020,0-19,877
483,2610,26-08-2020,30-39,491
484,2611,26-08-2020,40-49,369
485,2609,26-08-2020,20-29,813
486,2608,26-08-2020,0-19,1192
487,2612,26-08-2020,50-59,328
488,2613,26-08-2020,60+,423
489,2614,26-08-2020,?? ????,39
490,2607,26-07-2020,?? ????,21
491,2606,26-07-2020,60+,291
492,2605,26-07-2020,50-59,244
493,2604,26-07-2020,40-49,304
494,2603,26-07-2020,30-39,398
495,2602,26-07-2020,20-29,558
496,2601,26-07-2020,0-19,918
497,2597,26-06-2021,20-29,8
498,2596,26-06-2021,0-19,3
499,2598,26-06-2021,30-39,2
500,2599,26-06-2021,50-59,1
501,2600,26-06-2021,60+,1
502,2595,26-06-2020,?? ????,1
503,2594,26-06-2020,60+,18
504,2593,26-06-2020,50-59,12
505,2592,26-06-2020,40-49,9
506,2591,26-06-2020,30-39,23
507,2590,26-06-2020,20-29,27
508,2589,26-06-2020,0-19,40
509,2585,26-05-2021,30-39,2
510,2583,26-05-2021,0-19,15
511,2584,26-05-2021,20-29,8
512,2586,26-05-2021,40-49,3
513,2587,26-05-2021,50-59,4
514,2588,26-05-2021,60+,4
515,2582,26-05-2020,60+,7
516,2581,26-05-2020,50-59,16
517,2580,26-05-2020,40-49,11
518,2579,26-05-2020,30-39,11
519,2578,26-05-2020,20-29,19
520,2577,26-05-2020,0-19,27
521,2573,26-04-2021,30-39,19
522,2571,26-04-2021,0-19,47
523,2572,26-04-2021,20-29,29
524,2575,26-04-2021,50-59,16
525,2574,26-04-2021,40-49,18
526,2576,26-04-2021,60+,18
527,2570,26-04-2020,60+,45
528,2569,26-04-2020,50-59,27
529,2568,26-04-2020,40-49,41
530,2567,26-04-2020,30-39,63
531,2566,26-04-2020,20-29,92
532,2565,26-04-2020,0-19,163
533,2558,26-03-2021,0-19,453
534,2561,26-03-2021,40-49,195
535,2559,26-03-2021,20-29,332
536,2560,26-03-2021,30-39,232
537,2563,26-03-2021,60+,133
538,2562,26-03-2021,50-59,142
539,2564,26-03-2021,?? ????,7
540,2557,26-03-2020,60+,1
541,2556,26-03-2020,50-59,2
542,2555,26-03-2020,30-39,1
543,2554,26-03-2020,0-19,6
544,2550,26-02-2021,40-49,430
545,2547,26-02-2021,0-19,1510
546,2549,26-02-2021,30-39,495
547,2548,26-02-2021,20-29,673
548,2551,26-02-2021,50-59,306
549,2552,26-02-2021,60+,335
550,2553,26-02-2021,?? ????,22
551,2546,26-01-2021,?? ????,41
552,2545,26-01-2021,60+,376
553,2544,26-01-2021,50-59,423
554,2543,26-01-2021,40-49,592
555,2542,26-01-2021,30-39,748
556,2541,26-01-2021,20-29,1170
557,2540,26-01-2021,0-19,1774
558,2536,25-12-2020,40-49,255
559,2534,25-12-2020,20-29,426
560,2533,25-12-2020,0-19,1050
561,2535,25-12-2020,30-39,287
562,2538,25-12-2020,60+,197
563,2537,25-12-2020,50-59,168
564,2539,25-12-2020,?? ????,30
565,2529,25-11-2020,40-49,94
566,2527,25-11-2020,20-29,140
567,2528,25-11-2020,30-39,124
568,2526,25-11-2020,0-19,331
569,2530,25-11-2020,50-59,66
570,2531,25-11-2020,60+,78
571,2532,25-11-2020,?? ????,14
572,2525,25-10-2020,?? ????,20
573,2524,25-10-2020,60+,286
574,2523,25-10-2020,50-59,225
575,2522,25-10-2020,40-49,273
576,2521,25-10-2020,30-39,339
577,2520,25-10-2020,20-29,397
578,2519,25-10-2020,0-19,1162
579,2512,25-09-2020,0-19,1509
580,2513,25-09-2020,20-29,717
581,2514,25-09-2020,30-39,568
582,2515,25-09-2020,40-49,492
583,2516,25-09-2020,50-59,379
584,2518,25-09-2020,?? ????,35
585,2517,25-09-2020,60+,475
586,2510,25-08-2020,60+,86
587,2509,25-08-2020,50-59,79
588,2508,25-08-2020,40-49,86
589,2507,25-08-2020,30-39,104
590,2506,25-08-2020,20-29,149
591,2505,25-08-2020,0-19,264
592,2511,25-08-2020,?? ????,28
593,2500,25-07-2020,30-39,83
594,2501,25-07-2020,40-49,63
595,2498,25-07-2020,0-19,183
596,2499,25-07-2020,20-29,105
597,2504,25-07-2020,?? ????,3
598,2502,25-07-2020,50-59,69
599,2503,25-07-2020,60+,85
600,2495,25-06-2021,40-49,2
601,2492,25-06-2021,0-19,3
602,2494,25-06-2021,30-39,3
603,2493,25-06-2021,20-29,9
604,2496,25-06-2021,50-59,1
605,2497,25-06-2021,60+,1
606,2485,25-06-2020,0-19,30
607,2488,25-06-2020,40-49,11
608,2486,25-06-2020,20-29,10
609,2487,25-06-2020,30-39,14
610,2491,25-06-2020,?? ????,1
611,2489,25-06-2020,50-59,7
612,2490,25-06-2020,60+,2
613,2482,25-05-2021,40-49,6
614,2480,25-05-2021,20-29,8
615,2481,25-05-2021,30-39,5
616,2479,25-05-2021,0-19,10
617,2483,25-05-2021,50-59,8
618,2484,25-05-2021,60+,5
619,2478,25-05-2020,60+,11
620,2477,25-05-2020,50-59,13
621,2476,25-05-2020,40-49,18
622,2475,25-05-2020,30-39,18
623,2474,25-05-2020,20-29,27
624,2473,25-05-2020,0-19,46
625,2469,25-04-2021,40-49,21
626,2467,25-04-2021,20-29,42
627,2466,25-04-2021,0-19,56
628,2468,25-04-2021,30-39,28
629,2470,25-04-2021,50-59,24
630,2472,25-04-2021,?? ????,2
631,2471,25-04-2021,60+,21
632,2465,25-04-2020,60+,47
633,2464,25-04-2020,50-59,29
634,2463,25-04-2020,40-49,50
635,2462,25-04-2020,30-39,49
636,2461,25-04-2020,20-29,67
637,2460,25-04-2020,0-19,135
638,2456,25-03-2021,40-49,245
639,2453,25-03-2021,0-19,639
640,2454,25-03-2021,20-29,522
641,2455,25-03-2021,30-39,288
642,2459,25-03-2021,?? ????,12
643,2457,25-03-2021,50-59,176
644,2458,25-03-2021,60+,225
645,2452,25-03-2020,20-29,1
646,2451,25-03-2020,0-19,5
647,2447,25-02-2021,40-49,651
648,2444,25-02-2021,0-19,1904
649,2446,25-02-2021,30-39,736
650,2445,25-02-2021,20-29,929
651,2448,25-02-2021,50-59,415
652,2450,25-02-2021,?? ????,17
653,2449,25-02-2021,60+,381
654,2443,25-01-2021,?? ????,22
655,2442,25-01-2021,60+,409
656,2441,25-01-2021,50-59,438
657,2440,25-01-2021,40-49,641
658,2439,25-01-2021,30-39,848
659,2438,25-01-2021,20-29,1301
660,2437,25-01-2021,0-19,2002
661,2433,24-12-2020,40-49,302
662,2430,24-12-2020,0-19,1189
663,2431,24-12-2020,20-29,553
664,2432,24-12-2020,30-39,324
665,2434,24-12-2020,50-59,261
666,2435,24-12-2020,60+,218
667,2436,24-12-2020,?? ????,36
668,2429,24-11-2020,?? ????,41
669,2428,24-11-2020,60+,36
670,2427,24-11-2020,50-59,48
671,2426,24-11-2020,40-49,53
672,2425,24-11-2020,30-39,68
673,2424,24-11-2020,20-29,99
674,2423,24-11-2020,0-19,198
675,2416,24-10-2020,0-19,549
676,2417,24-10-2020,20-29,213
677,2418,24-10-2020,30-39,163
678,2419,24-10-2020,40-49,149
679,2420,24-10-2020,50-59,114
680,2422,24-10-2020,?? ????,3
681,2421,24-10-2020,60+,118
682,2415,24-09-2020,?? ????,23
683,2414,24-09-2020,60+,488
684,2413,24-09-2020,50-59,438
685,2412,24-09-2020,40-49,608
686,2411,24-09-2020,30-39,672
687,2410,24-09-2020,20-29,762
688,2409,24-09-2020,0-19,1629
689,2405,24-08-2020,40-49,145
690,2402,24-08-2020,0-19,507
691,2403,24-08-2020,20-29,246
692,2404,24-08-2020,30-39,193
693,2406,24-08-2020,50-59,129
694,2407,24-08-2020,60+,162
695,2408,24-08-2020,?? ????,20
696,2401,24-07-2020,?? ????,5
697,2400,24-07-2020,60+,123
698,2399,24-07-2020,50-59,130
699,2398,24-07-2020,40-49,192
700,2397,24-07-2020,30-39,218
701,2396,24-07-2020,20-29,322
702,2395,24-07-2020,0-19,612
703,2391,24-06-2021,30-39,6
704,2389,24-06-2021,0-19,17
705,2390,24-06-2021,20-29,10
706,2394,24-06-2021,60+,2
707,2392,24-06-2021,40-49,7
708,2393,24-06-2021,50-59,2
709,2388,24-06-2020,60+,7
710,2387,24-06-2020,50-59,5
711,2386,24-06-2020,40-49,10
712,2385,24-06-2020,30-39,7
713,2384,24-06-2020,20-29,14
714,2383,24-06-2020,0-19,28
715,2378,24-05-2021,0-19,16
716,2379,24-05-2021,20-29,6
717,2380,24-05-2021,30-39,5
718,2381,24-05-2021,40-49,1
719,2382,24-05-2021,60+,1
720,2377,24-05-2020,60+,11
721,2376,24-05-2020,50-59,18
722,2375,24-05-2020,40-49,19
723,2374,24-05-2020,30-39,18
724,2373,24-05-2020,20-29,17
725,2372,24-05-2020,0-19,33
726,2368,24-04-2021,40-49,26
727,2365,24-04-2021,0-19,27
728,2366,24-04-2021,20-29,16
729,2367,24-04-2021,30-39,15
730,2371,24-04-2021,?? ????,1
731,2369,24-04-2021,50-59,13
732,2370,24-04-2021,60+,18
733,2364,24-04-2020,60+,26
734,2363,24-04-2020,50-59,31
735,2362,24-04-2020,40-49,37
736,2361,24-04-2020,30-39,42
737,2360,24-04-2020,20-29,86
738,2359,24-04-2020,0-19,115
739,2355,24-03-2021,40-49,255
740,2352,24-03-2021,0-19,765
741,2353,24-03-2021,20-29,593
742,2354,24-03-2021,30-39,281
743,2356,24-03-2021,50-59,179
744,2357,24-03-2021,60+,172
745,2358,24-03-2021,?? ????,9
746,2351,24-03-2020,60+,1
747,2350,24-03-2020,30-39,1
748,2349,24-03-2020,20-29,1
749,2348,24-03-2020,0-19,2
750,2344,24-02-2021,40-49,680
751,2342,24-02-2021,20-29,961
752,2343,24-02-2021,30-39,782
753,2341,24-02-2021,0-19,2054
754,2345,24-02-2021,50-59,468
755,2346,24-02-2021,60+,427
756,2347,24-02-2021,?? ????,32
757,2340,24-01-2021,?? ????,85
758,2339,24-01-2021,60+,848
759,2338,24-01-2021,50-59,725
760,2337,24-01-2021,40-49,1256
761,2336,24-01-2021,30-39,1642
762,2335,24-01-2021,20-29,2120
763,2334,24-01-2021,0-19,3960
764,2330,23-12-2020,40-49,211
765,2327,23-12-2020,0-19,814
766,2328,23-12-2020,20-29,352
767,2329,23-12-2020,30-39,253
768,2333,23-12-2020,?? ????,73
769,2331,23-12-2020,50-59,174
770,2332,23-12-2020,60+,164
771,2323,23-11-2020,40-49,65
772,2320,23-11-2020,0-19,296
773,2321,23-11-2020,20-29,104
774,2322,23-11-2020,30-39,68
775,2324,23-11-2020,50-59,59
776,2325,23-11-2020,60+,58
777,2326,23-11-2020,?? ????,2
778,2316,23-10-2020,40-49,287
779,2314,23-10-2020,20-29,359
780,2315,23-10-2020,30-39,318
781,2313,23-10-2020,0-19,1004
782,2317,23-10-2020,50-59,214
783,2318,23-10-2020,60+,209
784,2319,23-10-2020,?? ????,54
785,2312,23-09-2020,?? ????,18
786,2311,23-09-2020,60+,420
787,2310,23-09-2020,50-59,402
788,2309,23-09-2020,40-49,493
789,2308,23-09-2020,30-39,502
790,2307,23-09-2020,20-29,641
791,2306,23-09-2020,0-19,1356
792,2302,23-08-2020,40-49,242
793,2299,23-08-2020,0-19,720
794,2300,23-08-2020,20-29,427
795,2301,23-08-2020,30-39,284
796,2303,23-08-2020,50-59,197
797,2304,23-08-2020,60+,238
798,2305,23-08-2020,?? ????,16
799,2298,23-07-2020,?? ????,31
800,2297,23-07-2020,60+,699
801,2296,23-07-2020,50-59,559
802,2295,23-07-2020,40-49,847
803,2294,23-07-2020,30-39,976
804,2293,23-07-2020,20-29,1289
805,2292,23-07-2020,0-19,2355
806,2288,23-06-2021,30-39,2
807,2286,23-06-2021,0-19,9
808,2287,23-06-2021,20-29,7
809,2291,23-06-2021,60+,2
810,2289,23-06-2021,40-49,2
811,2290,23-06-2021,50-59,2
812,2280,23-06-2020,0-19,27
813,2285,23-06-2020,60+,24
814,2284,23-06-2020,50-59,9
815,2283,23-06-2020,40-49,12
816,2282,23-06-2020,30-39,6
817,2281,23-06-2020,20-29,6
818,2274,23-05-2021,0-19,32
819,2277,23-05-2021,40-49,10
820,2275,23-05-2021,20-29,8
821,2276,23-05-2021,30-39,15
822,2278,23-05-2021,50-59,12
823,2279,23-05-2021,60+,9
824,2273,23-05-2020,60+,4
825,2272,23-05-2020,50-59,7
826,2271,23-05-2020,40-49,6
827,2270,23-05-2020,30-39,7
828,2269,23-05-2020,20-29,8
829,2268,23-05-2020,0-19,12
830,2264,23-04-2021,40-49,37
831,2261,23-04-2021,0-19,74
832,2262,23-04-2021,20-29,45
833,2263,23-04-2021,30-39,40
834,2267,23-04-2021,?? ????,8
835,2265,23-04-2021,50-59,28
836,2266,23-04-2021,60+,34
837,2258,23-04-2020,40-49,37
838,2256,23-04-2020,20-29,89
839,2257,23-04-2020,30-39,36
840,2255,23-04-2020,0-19,117
841,2259,23-04-2020,50-59,21
842,2260,23-04-2020,60+,30
843,2248,23-03-2021,0-19,331
844,2249,23-03-2021,20-29,163
845,2251,23-03-2021,40-49,65
846,2250,23-03-2021,30-39,71
847,2253,23-03-2021,60+,51
848,2252,23-03-2021,50-59,56
849,2254,23-03-2021,?? ????,2
850,2247,23-03-2020,60+,1
851,2246,23-03-2020,50-59,2
852,2245,23-03-2020,20-29,1
853,2244,23-03-2020,0-19,2
854,2243,23-02-2021,?? ????,27
855,2242,23-02-2021,60+,229
856,2241,23-02-2021,50-59,295
857,2240,23-02-2021,40-49,339
858,2239,23-02-2021,30-39,435
859,2238,23-02-2021,20-29,646
860,2237,23-02-2021,0-19,1207
861,2233,23-01-2021,40-49,472
862,2231,23-01-2021,20-29,683
863,2232,23-01-2021,30-39,695
864,2230,23-01-2021,0-19,1688
865,2234,23-01-2021,50-59,283
866,2235,23-01-2021,60+,362
867,2236,23-01-2021,?? ????,32
868,2223,22-12-2020,0-19,699
869,2227,22-12-2020,50-59,131
870,2225,22-12-2020,30-39,194
871,2224,22-12-2020,20-29,271
872,2228,22-12-2020,60+,144
873,2226,22-12-2020,40-49,170
874,2229,22-12-2020,?? ????,18
875,2219,22-11-2020,40-49,115
876,2217,22-11-2020,20-29,167
877,2218,22-11-2020,30-39,116
878,2216,22-11-2020,0-19,366
879,2220,22-11-2020,50-59,98
880,2221,22-11-2020,60+,130
881,2222,22-11-2020,?? ????,14
882,2215,22-10-2020,?? ????,9
883,2214,22-10-2020,60+,316
884,2213,22-10-2020,50-59,251
885,2212,22-10-2020,40-49,367
886,2211,22-10-2020,30-39,409
887,2210,22-10-2020,20-29,492
888,2209,22-10-2020,0-19,1300
889,2205,22-09-2020,40-49,475
890,2202,22-09-2020,0-19,1185
891,2204,22-09-2020,30-39,524
892,2203,22-09-2020,20-29,625
893,2206,22-09-2020,50-59,318
894,2208,22-09-2020,?? ????,41
895,2207,22-09-2020,60+,366
896,2201,22-08-2020,?? ????,5
897,2200,22-08-2020,60+,93
898,2199,22-08-2020,50-59,56
899,2198,22-08-2020,40-49,87
900,2197,22-08-2020,30-39,94
901,2196,22-08-2020,20-29,99
902,2195,22-08-2020,0-19,232
903,2191,22-07-2020,40-49,480
904,2188,22-07-2020,0-19,1326
905,2189,22-07-2020,20-29,642
906,2190,22-07-2020,30-39,494
907,2193,22-07-2020,60+,396
908,2192,22-07-2020,50-59,360
909,2194,22-07-2020,?? ????,25
910,2187,22-06-2021,50-59,3
911,2186,22-06-2021,40-49,1
912,2185,22-06-2021,30-39,3
913,2184,22-06-2021,0-19,4
914,2179,22-06-2020,30-39,13
915,2177,22-06-2020,0-19,21
916,2178,22-06-2020,20-29,11
917,2180,22-06-2020,40-49,4
918,2182,22-06-2020,60+,7
919,2183,22-06-2020,?? ????,1
920,2181,22-06-2020,50-59,2
921,2171,22-05-2021,0-19,5
922,2176,22-05-2021,60+,1
923,2175,22-05-2021,50-59,5
924,2174,22-05-2021,40-49,5
925,2173,22-05-2021,30-39,4
926,2172,22-05-2021,20-29,4
927,2167,22-05-2020,40-49,20
928,2164,22-05-2020,0-19,62
929,2165,22-05-2020,20-29,29
930,2166,22-05-2020,30-39,21
931,2168,22-05-2020,50-59,16
932,2169,22-05-2020,60+,14
933,2170,22-05-2020,?? ????,1
934,2161,22-04-2021,40-49,35
935,2158,22-04-2021,0-19,121
936,2159,22-04-2021,20-29,49
937,2160,22-04-2021,30-39,67
938,2162,22-04-2021,50-59,36
939,2163,22-04-2021,60+,28
940,2152,22-04-2020,0-19,133
941,2154,22-04-2020,30-39,59
942,2153,22-04-2020,20-29,74
943,2157,22-04-2020,60+,39
944,2155,22-04-2020,40-49,48
945,2156,22-04-2020,50-59,39
946,2151,22-03-2021,?? ????,12
947,2150,22-03-2021,60+,146
948,2149,22-03-2021,50-59,130
949,2148,22-03-2021,40-49,205
950,2147,22-03-2021,30-39,203
951,2146,22-03-2021,20-29,411
952,2145,22-03-2021,0-19,587
953,2144,22-03-2020,60+,1
954,2143,22-03-2020,50-59,2
955,2142,22-03-2020,0-19,1
956,2138,22-02-2021,40-49,464
957,2136,22-02-2021,20-29,686
958,2137,22-02-2021,30-39,500
959,2135,22-02-2021,0-19,1290
960,2139,22-02-2021,50-59,358
961,2140,22-02-2021,60+,371
962,2141,22-02-2021,?? ????,23
963,2129,22-01-2021,20-29,1806
964,2128,22-01-2021,0-19,1282
965,2131,22-01-2021,40-49,1227
966,2130,22-01-2021,30-39,1453
967,2132,22-01-2021,50-59,956
968,2133,22-01-2021,60+,1765
969,2134,22-01-2021,?? ????,58
970,2124,21-12-2020,40-49,175
971,2122,21-12-2020,20-29,251
972,2123,21-12-2020,30-39,183
973,2121,21-12-2020,0-19,672
974,2125,21-12-2020,50-59,117
975,2126,21-12-2020,60+,161
976,2127,21-12-2020,?? ????,10
977,2120,21-11-2020,?? ????,6
978,2119,21-11-2020,60+,38
979,2118,21-11-2020,50-59,43
980,2117,21-11-2020,40-49,49
981,2116,21-11-2020,30-39,67
982,2115,21-11-2020,20-29,78
983,2114,21-11-2020,0-19,169
984,2110,21-10-2020,40-49,380
985,2108,21-10-2020,20-29,456
986,2109,21-10-2020,30-39,384
987,2107,21-10-2020,0-19,1285
988,2111,21-10-2020,50-59,270
989,2113,21-10-2020,?? ????,33
990,2112,21-10-2020,60+,352
991,2106,21-09-2020,?? ????,49
992,2105,21-09-2020,60+,472
993,2104,21-09-2020,50-59,445
994,2103,21-09-2020,40-49,611
995,2102,21-09-2020,30-39,733
996,2101,21-09-2020,20-29,831
997,2100,21-09-2020,0-19,1530
998,2096,21-08-2020,40-49,124
999,2093,21-08-2020,0-19,291
1000,2094,21-08-2020,20-29,225
1001,2095,21-08-2020,30-39,155
1002,2097,21-08-2020,50-59,104
1003,2098,21-08-2020,60+,134
1004,2099,21-08-2020,?? ????,7
1005,2092,21-07-2020,?? ????,7
1006,2091,21-07-2020,60+,91
1007,2090,21-07-2020,50-59,64
1008,2089,21-07-2020,40-49,63
1009,2088,21-07-2020,30-39,101
1010,2087,21-07-2020,20-29,122
1011,2086,21-07-2020,0-19,194
1012,2082,21-06-2021,30-39,8
1013,2080,21-06-2021,0-19,11
1014,2081,21-06-2021,20-29,6
1015,2083,21-06-2021,40-49,3
1016,2084,21-06-2021,50-59,5
1017,2085,21-06-2021,60+,6
1018,2079,21-06-2020,60+,7
1019,2078,21-06-2020,50-59,2
1020,2077,21-06-2020,40-49,5
1021,2076,21-06-2020,30-39,4
1022,2075,21-06-2020,20-29,9
1023,2074,21-06-2020,0-19,23
1024,2070,21-05-2021,30-39,3
1025,2068,21-05-2021,0-19,10
1026,2069,21-05-2021,20-29,8
1027,2071,21-05-2021,40-49,5
1028,2072,21-05-2021,50-59,2
1029,2073,21-05-2021,60+,5
1030,2067,21-05-2020,?? ????,1
1031,2066,21-05-2020,60+,23
1032,2065,21-05-2020,50-59,10
1033,2064,21-05-2020,40-49,18
1034,2063,21-05-2020,30-39,10
1035,2062,21-05-2020,20-29,21
1036,2061,21-05-2020,0-19,42
1037,2054,21-04-2021,0-19,83
1038,2059,21-04-2021,60+,16
1039,2056,21-04-2021,30-39,39
1040,2055,21-04-2021,20-29,43
1041,2060,21-04-2021,?? ????,1
1042,2057,21-04-2021,40-49,31
1043,2058,21-04-2021,50-59,24
1044,2050,21-04-2020,40-49,42
1045,2048,21-04-2020,20-29,78
1046,2049,21-04-2020,30-39,51
1047,2047,21-04-2020,0-19,132
1048,2051,21-04-2020,50-59,28
1049,2052,21-04-2020,60+,39
1050,2053,21-04-2020,?? ????,2
1051,2046,21-03-2021,?? ????,22
1052,2045,21-03-2021,60+,323
1053,2044,21-03-2021,50-59,304
1054,2043,21-03-2021,40-49,375
1055,2042,21-03-2021,30-39,460
1056,2041,21-03-2021,20-29,887
1057,2040,21-03-2021,0-19,1126
1058,2039,21-03-2020,0-19,1
1059,2033,21-02-2021,20-29,1399
1060,2034,21-02-2021,30-39,1183
1061,2032,21-02-2021,0-19,2198
1062,2036,21-02-2021,50-59,816
1063,2037,21-02-2021,60+,784
1064,2035,21-02-2021,40-49,1030
1065,2038,21-02-2021,?? ????,40
1066,2031,21-01-2021,?? ????,71
1067,2030,21-01-2021,60+,1749
1068,2029,21-01-2021,50-59,1101
1069,2028,21-01-2021,40-49,1320
1070,2027,21-01-2021,30-39,1576
1071,2026,21-01-2021,20-29,2583
1072,2025,21-01-2021,0-19,1673
1073,2020,20-12-2020,30-39,323
1074,2018,20-12-2020,0-19,1053
1075,2019,20-12-2020,20-29,429
1076,2021,20-12-2020,40-49,300
1077,2022,20-12-2020,50-59,208
1078,2023,20-12-2020,60+,237
1079,2024,20-12-2020,?? ????,36
1080,2017,20-11-2020,?? ????,2
1081,2016,20-11-2020,60+,78
1082,2015,20-11-2020,50-59,45
1083,2014,20-11-2020,40-49,61
1084,2013,20-11-2020,30-39,110
1085,2012,20-11-2020,20-29,89
1086,2011,20-11-2020,0-19,290
1087,2007,20-10-2020,40-49,203
1088,2004,20-10-2020,0-19,700
1089,2005,20-10-2020,20-29,287
1090,2006,20-10-2020,30-39,196
1091,2010,20-10-2020,?? ????,20
1092,2008,20-10-2020,50-59,177
1093,2009,20-10-2020,60+,232
1094,2003,20-09-2020,?? ????,18
1095,2002,20-09-2020,60+,262
1096,2001,20-09-2020,50-59,232
1097,2000,20-09-2020,40-49,312
1098,1999,20-09-2020,30-39,368
1099,1998,20-09-2020,20-29,422
1100,1997,20-09-2020,0-19,869
1101,1993,20-08-2020,40-49,139
1102,1990,20-08-2020,0-19,465
1103,1991,20-08-2020,20-29,287
1104,1992,20-08-2020,30-39,195
1105,1996,20-08-2020,?? ????,16
1106,1994,20-08-2020,50-59,152
1107,1995,20-08-2020,60+,183
1108,1986,20-07-2020,40-49,81
1109,1983,20-07-2020,0-19,161
1110,1984,20-07-2020,20-29,103
1111,1985,20-07-2020,30-39,95
1112,1989,20-07-2020,?? ????,11
1113,1987,20-07-2020,50-59,78
1114,1988,20-07-2020,60+,99
1115,1979,20-06-2021,40-49,13
1116,1977,20-06-2021,20-29,21
1117,1978,20-06-2021,30-39,12
1118,1976,20-06-2021,0-19,17
1119,1980,20-06-2021,50-59,7
1120,1981,20-06-2021,60+,16
1121,1982,20-06-2021,?? ????,1
1122,1975,20-06-2020,60+,9
1123,1974,20-06-2020,50-59,5
1124,1973,20-06-2020,40-49,2
1125,1972,20-06-2020,30-39,3
1126,1971,20-06-2020,20-29,7
1127,1970,20-06-2020,0-19,10
1128,1967,20-05-2021,40-49,15
1129,1964,20-05-2021,0-19,23
1130,1966,20-05-2021,30-39,13
1131,1965,20-05-2021,20-29,9
1132,1968,20-05-2021,50-59,7
1133,1969,20-05-2021,60+,7
1134,1963,20-05-2020,60+,13
1135,1962,20-05-2020,50-59,18
1136,1961,20-05-2020,40-49,14
1137,1960,20-05-2020,30-39,11
1138,1959,20-05-2020,20-29,16
1139,1958,20-05-2020,0-19,42
1140,1952,20-04-2021,0-19,81
1141,1953,20-04-2021,20-29,35
1142,1954,20-04-2021,30-39,29
1143,1955,20-04-2021,40-49,34
1144,1956,20-04-2021,50-59,16
1145,1957,20-04-2021,60+,33
1146,1951,20-04-2020,?? ????,2
1147,1950,20-04-2020,60+,49
1148,1949,20-04-2020,50-59,49
1149,1948,20-04-2020,40-49,71
1150,1947,20-04-2020,30-39,68
1151,1946,20-04-2020,20-29,70
1152,1945,20-04-2020,0-19,140
1153,1939,20-03-2021,20-29,289
1154,1941,20-03-2021,40-49,186
1155,1940,20-03-2021,30-39,204
1156,1938,20-03-2021,0-19,429
1157,1942,20-03-2021,50-59,134
1158,1943,20-03-2021,60+,212
1159,1944,20-03-2021,?? ????,10
1160,1937,20-03-2020,60+,1
1161,1930,20-02-2021,0-19,1335
1162,1933,20-02-2021,40-49,433
1163,1931,20-02-2021,20-29,651
1164,1932,20-02-2021,30-39,432
1165,1936,20-02-2021,?? ????,9
1166,1934,20-02-2021,50-59,286
1167,1935,20-02-2021,60+,272
1168,1926,20-01-2021,40-49,1247
1169,1924,20-01-2021,20-29,2352
1170,1925,20-01-2021,30-39,1599
1171,1923,20-01-2021,0-19,1361
1172,1927,20-01-2021,50-59,1058
1173,1928,20-01-2021,60+,1193
1174,1929,20-01-2021,?? ????,33
1175,1922,19-12-2020,?? ????,8
1176,1921,19-12-2020,60+,95
1177,1920,19-12-2020,50-59,97
1178,1919,19-12-2020,40-49,121
1179,1918,19-12-2020,30-39,145
1180,1917,19-12-2020,20-29,176
1181,1916,19-12-2020,0-19,452
1182,1911,19-11-2020,30-39,95
1183,1909,19-11-2020,0-19,304
1184,1910,19-11-2020,20-29,133
1185,1912,19-11-2020,40-49,79
1186,1914,19-11-2020,60+,76
1187,1915,19-11-2020,?? ????,4
1188,1913,19-11-2020,50-59,59
1189,1902,19-10-2020,0-19,952
1190,1905,19-10-2020,40-49,254
1191,1904,19-10-2020,30-39,285
1192,1903,19-10-2020,20-29,394
1193,1906,19-10-2020,50-59,217
1194,1907,19-10-2020,60+,241
1195,1908,19-10-2020,?? ????,20
1196,1901,19-09-2020,?? ????,9
1197,1900,19-09-2020,60+,127
1198,1899,19-09-2020,50-59,116
1199,1898,19-09-2020,40-49,177
1200,1897,19-09-2020,30-39,228
1201,1896,19-09-2020,20-29,240
1202,1895,19-09-2020,0-19,552
1203,1889,19-08-2020,20-29,289
1204,1891,19-08-2020,40-49,161
1205,1890,19-08-2020,30-39,208
1206,1888,19-08-2020,0-19,553
1207,1892,19-08-2020,50-59,119
1208,1894,19-08-2020,?? ????,19
1209,1893,19-08-2020,60+,127
1210,1887,19-07-2020,?? ????,7
1211,1886,19-07-2020,60+,62
1212,1885,19-07-2020,50-59,62
1213,1884,19-07-2020,40-49,53
1214,1883,19-07-2020,30-39,56
1215,1882,19-07-2020,20-29,101
1216,1881,19-07-2020,0-19,179
1217,1878,19-06-2021,20-29,2
1218,1877,19-06-2021,0-19,4
1219,1880,19-06-2021,60+,1
1220,1879,19-06-2021,30-39,2
1221,1876,19-06-2020,60+,10
1222,1875,19-06-2020,50-59,6
1223,1874,19-06-2020,40-49,7
1224,1873,19-06-2020,30-39,7
1225,1872,19-06-2020,20-29,6
1226,1871,19-06-2020,0-19,21
1227,1868,19-05-2021,40-49,13
1228,1866,19-05-2021,20-29,9
1229,1865,19-05-2021,0-19,33
1230,1867,19-05-2021,30-39,11
1231,1869,19-05-2021,50-59,8
1232,1870,19-05-2021,60+,17
1233,1864,19-05-2020,60+,16
1234,1863,19-05-2020,50-59,15
1235,1862,19-05-2020,40-49,19
1236,1861,19-05-2020,30-39,21
1237,1860,19-05-2020,20-29,46
1238,1859,19-05-2020,0-19,37
1239,1856,19-04-2021,40-49,26
1240,1853,19-04-2021,0-19,72
1241,1854,19-04-2021,20-29,34
1242,1855,19-04-2021,30-39,30
1243,1857,19-04-2021,50-59,22
1244,1858,19-04-2021,60+,17
1245,1852,19-04-2020,?? ????,3
1246,1851,19-04-2020,60+,44
1247,1850,19-04-2020,50-59,32
1248,1849,19-04-2020,40-49,38
1249,1848,19-04-2020,30-39,60
1250,1847,19-04-2020,20-29,84
1251,1846,19-04-2020,0-19,122
1252,1842,19-03-2021,40-49,360
1253,1840,19-03-2021,20-29,557
1254,1841,19-03-2021,30-39,356
1255,1839,19-03-2021,0-19,755
1256,1843,19-03-2021,50-59,248
1257,1845,19-03-2021,?? ????,16
1258,1844,19-03-2021,60+,264
1259,1838,19-03-2020,40-49,1
1260,1837,19-03-2020,20-29,1
1261,1836,19-03-2020,0-19,2
1262,1832,19-02-2021,40-49,725
1263,1829,19-02-2021,0-19,2284
1264,1831,19-02-2021,30-39,921
1265,1830,19-02-2021,20-29,1001
1266,1833,19-02-2021,50-59,475
1267,1834,19-02-2021,60+,503
1268,1835,19-02-2021,?? ????,17
1269,1828,19-01-2021,?? ????,26
1270,1827,19-01-2021,60+,496
1271,1826,19-01-2021,50-59,528
1272,1825,19-01-2021,40-49,747
1273,1824,19-01-2021,30-39,845
1274,1823,19-01-2021,20-29,995
1275,1822,19-01-2021,0-19,1898
1276,1818,18-12-2020,40-49,186
1277,1815,18-12-2020,0-19,636
1278,1816,18-12-2020,20-29,241
1279,1817,18-12-2020,30-39,203
1280,1820,18-12-2020,60+,136
1281,1819,18-12-2020,50-59,143
1282,1821,18-12-2020,?? ????,22
1283,1811,18-11-2020,40-49,97
1284,1809,18-11-2020,20-29,107
1285,1810,18-11-2020,30-39,99
1286,1808,18-11-2020,0-19,305
1287,1812,18-11-2020,50-59,77
1288,1813,18-11-2020,60+,102
1289,1814,18-11-2020,?? ????,13
1290,1807,18-10-2020,?? ????,45
1291,1806,18-10-2020,60+,433
1292,1805,18-10-2020,50-59,390
1293,1804,18-10-2020,40-49,530
1294,1803,18-10-2020,30-39,649
1295,1802,18-10-2020,20-29,752
1296,1801,18-10-2020,0-19,2148
1297,1797,18-09-2020,40-49,393
1298,1795,18-09-2020,20-29,535
1299,1796,18-09-2020,30-39,457
1300,1794,18-09-2020,0-19,879
1301,1798,18-09-2020,50-59,282
1302,1800,18-09-2020,?? ????,18
1303,1799,18-09-2020,60+,295
1304,1793,18-08-2020,?? ????,12
1305,1792,18-08-2020,60+,116
1306,1791,18-08-2020,50-59,102
1307,1790,18-08-2020,40-49,142
1308,1789,18-08-2020,30-39,144
1309,1788,18-08-2020,20-29,246
1310,1787,18-08-2020,0-19,357
1311,1783,18-07-2020,40-49,45
1312,1780,18-07-2020,0-19,152
1313,1781,18-07-2020,20-29,92
1314,1782,18-07-2020,30-39,55
1315,1784,18-07-2020,50-59,45
1316,1785,18-07-2020,60+,58
1317,1786,18-07-2020,?? ????,1
1318,1779,18-06-2021,60+,1
1319,1778,18-06-2021,50-59,2
1320,1777,18-06-2021,40-49,2
1321,1776,18-06-2021,30-39,4
1322,1775,18-06-2021,20-29,1
1323,1774,18-06-2021,0-19,1
1324,1768,18-06-2020,0-19,17
1325,1769,18-06-2020,20-29,7
1326,1770,18-06-2020,30-39,3
1327,1771,18-06-2020,40-49,12
1328,1772,18-06-2020,50-59,3
1329,1773,18-06-2020,60+,8
1330,1767,18-05-2021,60+,7
1331,1766,18-05-2021,50-59,9
1332,1765,18-05-2021,40-49,22
1333,1764,18-05-2021,30-39,8
1334,1763,18-05-2021,20-29,20
1335,1762,18-05-2021,0-19,27
1336,1755,18-05-2020,0-19,74
1337,1756,18-05-2020,20-29,82
1338,1757,18-05-2020,30-39,34
1339,1758,18-05-2020,40-49,18
1340,1759,18-05-2020,50-59,25
1341,1760,18-05-2020,60+,38
1342,1761,18-05-2020,?? ????,5
1343,1754,18-04-2021,?? ????,1
1344,1753,18-04-2021,60+,53
1345,1752,18-04-2021,50-59,44
1346,1751,18-04-2021,40-49,66
1347,1750,18-04-2021,30-39,69
1348,1749,18-04-2021,20-29,119
1349,1748,18-04-2021,0-19,196
1350,1745,18-04-2020,40-49,30
1351,1742,18-04-2020,0-19,90
1352,1744,18-04-2020,30-39,29
1353,1743,18-04-2020,20-29,49
1354,1746,18-04-2020,50-59,26
1355,1747,18-04-2020,60+,22
1356,1741,18-03-2021,?? ????,18
1357,1740,18-03-2021,60+,375
1358,1739,18-03-2021,50-59,337
1359,1738,18-03-2021,40-49,450
1360,1737,18-03-2021,30-39,537
1361,1736,18-03-2021,20-29,761
1362,1735,18-03-2021,0-19,1127
1363,1734,18-03-2020,60+,1
1364,1733,18-03-2020,50-59,1
1365,1732,18-02-2021,?? ????,17
1366,1731,18-02-2021,60+,667
1367,1730,18-02-2021,50-59,670
1368,1729,18-02-2021,40-49,863
1369,1728,18-02-2021,30-39,1063
1370,1727,18-02-2021,20-29,1492
1371,1726,18-02-2021,0-19,2765
1372,1722,18-01-2021,40-49,751
1373,1719,18-01-2021,0-19,2378
1374,1720,18-01-2021,20-29,1137
1375,1721,18-01-2021,30-39,905
1376,1723,18-01-2021,50-59,505
1377,1725,18-01-2021,?? ????,23
1378,1724,18-01-2021,60+,505
1379,1712,17-12-2020,0-19,796
1380,1715,17-12-2020,40-49,232
1381,1714,17-12-2020,30-39,214
1382,1713,17-12-2020,20-29,329
1383,1716,17-12-2020,50-59,178
1384,1717,17-12-2020,60+,185
1385,1718,17-12-2020,?? ????,19
1386,1711,17-11-2020,?? ????,10
1387,1710,17-11-2020,60+,62
1388,1709,17-11-2020,50-59,67
1389,1708,17-11-2020,40-49,65
1390,1707,17-11-2020,30-39,67
1391,1706,17-11-2020,20-29,104
1392,1705,17-11-2020,0-19,205
1393,1699,17-10-2020,20-29,443
1394,1701,17-10-2020,40-49,269
1395,1700,17-10-2020,30-39,323
1396,1698,17-10-2020,0-19,1026
1397,1702,17-10-2020,50-59,222
1398,1704,17-10-2020,?? ????,18
1399,1703,17-10-2020,60+,218
1400,1697,17-09-2020,?? ????,59
1401,1696,17-09-2020,60+,399
1402,1695,17-09-2020,50-59,335
1403,1694,17-09-2020,40-49,481
1404,1693,17-09-2020,30-39,578
1405,1692,17-09-2020,20-29,617
1406,1691,17-09-2020,0-19,1251
1407,1687,17-08-2020,40-49,120
1408,1684,17-08-2020,0-19,423
1409,1685,17-08-2020,20-29,232
1410,1686,17-08-2020,30-39,134
1411,1688,17-08-2020,50-59,96
1412,1689,17-08-2020,60+,177
1413,1690,17-08-2020,?? ????,13
1414,1683,17-07-2020,?? ????,11
1415,1682,17-07-2020,60+,67
1416,1681,17-07-2020,50-59,42
1417,1680,17-07-2020,40-49,56
1418,1679,17-07-2020,30-39,73
1419,1678,17-07-2020,20-29,94
1420,1677,17-07-2020,0-19,138
1421,1673,17-06-2021,30-39,6
1422,1671,17-06-2021,0-19,16
1423,1672,17-06-2021,20-29,12
1424,1676,17-06-2021,60+,3
1425,1674,17-06-2021,40-49,3
1426,1675,17-06-2021,50-59,3
1427,1670,17-06-2020,60+,5
1428,1669,17-06-2020,50-59,7
1429,1668,17-06-2020,40-49,7
1430,1667,17-06-2020,30-39,3
1431,1666,17-06-2020,20-29,14
1432,1665,17-06-2020,0-19,11
1433,1660,17-05-2021,0-19,5
1434,1661,17-05-2021,20-29,6
1435,1662,17-05-2021,40-49,3
1436,1663,17-05-2021,50-59,2
1437,1664,17-05-2021,60+,3
1438,1659,17-05-2020,60+,16
1439,1658,17-05-2020,50-59,16
1440,1657,17-05-2020,40-49,18
1441,1656,17-05-2020,30-39,17
1442,1655,17-05-2020,20-29,29
1443,1654,17-05-2020,0-19,57
1444,1651,17-04-2021,40-49,29
1445,1648,17-04-2021,0-19,71
1446,1650,17-04-2021,30-39,29
1447,1649,17-04-2021,20-29,40
1448,1652,17-04-2021,50-59,22
1449,1653,17-04-2021,60+,23
1450,1647,17-04-2020,?? ????,1
1451,1646,17-04-2020,60+,40
1452,1645,17-04-2020,50-59,37
1453,1644,17-04-2020,40-49,38
1454,1643,17-04-2020,30-39,35
1455,1642,17-04-2020,20-29,70
1456,1641,17-04-2020,0-19,135
1457,1637,17-03-2021,40-49,455
1458,1634,17-03-2021,0-19,1189
1459,1635,17-03-2021,20-29,784
1460,1636,17-03-2021,30-39,522
1461,1640,17-03-2021,?? ????,12
1462,1638,17-03-2021,50-59,330
1463,1639,17-03-2021,60+,350
1464,1633,17-03-2020,30-39,1
1465,1632,17-03-2020,0-19,1
1466,1628,17-02-2021,40-49,635
1467,1626,17-02-2021,20-29,1612
1468,1627,17-02-2021,30-39,783
1469,1625,17-02-2021,0-19,2456
1470,1629,17-02-2021,50-59,524
1471,1630,17-02-2021,60+,510
1472,1631,17-02-2021,?? ????,39
1473,1624,17-01-2021,?? ????,48
1474,1623,17-01-2021,60+,890
1475,1622,17-01-2021,50-59,958
1476,1621,17-01-2021,40-49,1291
1477,1620,17-01-2021,30-39,1437
1478,1619,17-01-2021,20-29,2255
1479,1618,17-01-2021,0-19,4104
1480,1611,16-12-2020,0-19,660
1481,1612,16-12-2020,20-29,244
1482,1613,16-12-2020,30-39,211
1483,1614,16-12-2020,40-49,184
1484,1615,16-12-2020,50-59,136
1485,1616,16-12-2020,60+,181
1486,1617,16-12-2020,?? ????,13
1487,1610,16-11-2020,?? ????,10
1488,1609,16-11-2020,60+,71
1489,1608,16-11-2020,50-59,78
1490,1607,16-11-2020,40-49,80
1491,1606,16-11-2020,30-39,71
1492,1605,16-11-2020,20-29,97
1493,1604,16-11-2020,0-19,253
1494,1600,16-10-2020,40-49,364
1495,1598,16-10-2020,20-29,541
1496,1597,16-10-2020,0-19,1442
1497,1599,16-10-2020,30-39,459
1498,1602,16-10-2020,60+,369
1499,1601,16-10-2020,50-59,279
1500,1603,16-10-2020,?? ????,45
1501,1593,16-09-2020,40-49,361
1502,1591,16-09-2020,20-29,475
1503,1592,16-09-2020,30-39,377
1504,1590,16-09-2020,0-19,1001
1505,1594,16-09-2020,50-59,277
1506,1595,16-09-2020,60+,290
1507,1596,16-09-2020,?? ????,22
1508,1589,16-08-2020,?? ????,7
1509,1588,16-08-2020,60+,253
1510,1587,16-08-2020,50-59,202
1511,1586,16-08-2020,40-49,258
1512,1585,16-08-2020,30-39,306
1513,1584,16-08-2020,20-29,447
1514,1583,16-08-2020,0-19,746
1515,1579,16-07-2020,40-49,74
1516,1576,16-07-2020,0-19,134
1517,1578,16-07-2020,30-39,88
1518,1577,16-07-2020,20-29,87
1519,1580,16-07-2020,50-59,54
1520,1581,16-07-2020,60+,62
1521,1582,16-07-2020,?? ????,9
1522,1575,16-06-2021,60+,1
1523,1574,16-06-2021,50-59,1
1524,1573,16-06-2021,40-49,1
1525,1572,16-06-2021,30-39,1
1526,1571,16-06-2021,20-29,2
1527,1570,16-06-2021,0-19,3
1528,1564,16-06-2020,0-19,22
1529,1565,16-06-2020,20-29,12
1530,1566,16-06-2020,30-39,5
1531,1567,16-06-2020,40-49,8
1532,1568,16-06-2020,50-59,5
1533,1569,16-06-2020,60+,1
1534,1563,16-05-2021,?? ????,1
1535,1562,16-05-2021,60+,10
1536,1561,16-05-2021,50-59,9
1537,1560,16-05-2021,40-49,12
1538,1559,16-05-2021,30-39,7
1539,1558,16-05-2021,20-29,7
1540,1557,16-05-2021,0-19,56
1541,1554,16-05-2020,40-49,3
1542,1552,16-05-2020,20-29,22
1543,1553,16-05-2020,30-39,12
1544,1551,16-05-2020,0-19,42
1545,1555,16-05-2020,50-59,10
1546,1556,16-05-2020,60+,15
1547,1550,16-04-2021,?? ????,3
1548,1549,16-04-2021,60+,43
1549,1548,16-04-2021,50-59,35
1550,1547,16-04-2021,40-49,34
1551,1546,16-04-2021,30-39,29
1552,1545,16-04-2021,20-29,90
1553,1544,16-04-2021,0-19,133
1554,1540,16-04-2020,40-49,32
1555,1537,16-04-2020,0-19,127
1556,1539,16-04-2020,30-39,38
1557,1538,16-04-2020,20-29,62
1558,1541,16-04-2020,50-59,33
1559,1542,16-04-2020,60+,30
1560,1543,16-04-2020,?? ????,2
1561,1536,16-03-2021,?? ????,9
1562,1535,16-03-2021,60+,201
1563,1534,16-03-2021,50-59,181
1564,1533,16-03-2021,40-49,285
1565,1532,16-03-2021,30-39,291
1566,1531,16-03-2021,20-29,534
1567,1530,16-03-2021,0-19,746
1568,1526,16-02-2021,40-49,352
1569,1523,16-02-2021,0-19,1479
1570,1524,16-02-2021,20-29,852
1571,1525,16-02-2021,30-39,424
1572,1528,16-02-2021,60+,338
1573,1527,16-02-2021,50-59,298
1574,1529,16-02-2021,?? ????,23
1575,1519,16-01-2021,40-49,423
1576,1517,16-01-2021,20-29,622
1577,1518,16-01-2021,30-39,492
1578,1516,16-01-2021,0-19,1696
1579,1520,16-01-2021,50-59,325
1580,1521,16-01-2021,60+,438
1581,1522,16-01-2021,?? ????,307
1582,1515,15-12-2020,?? ????,24
1583,1514,15-12-2020,60+,147
1584,1513,15-12-2020,50-59,127
1585,1512,15-12-2020,40-49,145
1586,1511,15-12-2020,30-39,156
1587,1510,15-12-2020,20-29,223
1588,1509,15-12-2020,0-19,387
1589,1505,15-11-2020,40-49,125
1590,1503,15-11-2020,20-29,156
1591,1504,15-11-2020,30-39,112
1592,1502,15-11-2020,0-19,321
1593,1506,15-11-2020,50-59,106
1594,1508,15-11-2020,?? ????,15
1595,1507,15-11-2020,60+,134
1596,1501,15-10-2020,?? ????,71
1597,1500,15-10-2020,60+,477
1598,1499,15-10-2020,50-59,413
1599,1498,15-10-2020,40-49,571
1600,1497,15-10-2020,30-39,690
1601,1496,15-10-2020,20-29,878
1602,1495,15-10-2020,0-19,2347
1603,1491,15-09-2020,40-49,262
1604,1488,15-09-2020,0-19,824
1605,1489,15-09-2020,20-29,377
1606,1490,15-09-2020,30-39,332
1607,1492,15-09-2020,50-59,198
1608,1493,15-09-2020,60+,261
1609,1494,15-09-2020,?? ????,24
1610,1487,15-08-2020,?? ????,4
1611,1486,15-08-2020,60+,71
1612,1485,15-08-2020,50-59,60
1613,1484,15-08-2020,40-49,80
1614,1483,15-08-2020,30-39,63
1615,1482,15-08-2020,20-29,103
1616,1481,15-08-2020,0-19,183
1617,1477,15-07-2020,30-39,47
1618,1475,15-07-2020,0-19,127
1619,1476,15-07-2020,20-29,52
1620,1480,15-07-2020,60+,46
1621,1478,15-07-2020,40-49,58
1622,1479,15-07-2020,50-59,32
1623,1474,15-06-2021,60+,2
1624,1473,15-06-2021,50-59,4
1625,1472,15-06-2021,40-49,3
1626,1471,15-06-2021,30-39,2
1627,1470,15-06-2021,20-29,3
1628,1469,15-06-2021,0-19,2
1629,1463,15-06-2020,0-19,32
1630,1464,15-06-2020,20-29,6
1631,1465,15-06-2020,30-39,16
1632,1466,15-06-2020,40-49,10
1633,1467,15-06-2020,50-59,14
1634,1468,15-06-2020,60+,11
1635,1462,15-05-2021,60+,8
1636,1461,15-05-2021,50-59,4
1637,1460,15-05-2021,40-49,5
1638,1459,15-05-2021,30-39,5
1639,1458,15-05-2021,20-29,8
1640,1457,15-05-2021,0-19,16
1641,1453,15-05-2020,30-39,21
1642,1451,15-05-2020,0-19,59
1643,1452,15-05-2020,20-29,35
1644,1454,15-05-2020,40-49,15
1645,1455,15-05-2020,50-59,17
1646,1456,15-05-2020,60+,15
1647,1450,15-04-2021,?? ????,2
1648,1449,15-04-2021,60+,25
1649,1448,15-04-2021,50-59,27
1650,1447,15-04-2021,40-49,35
1651,1446,15-04-2021,30-39,29
1652,1445,15-04-2021,20-29,35
1653,1444,15-04-2021,0-19,106
1654,1439,15-04-2020,30-39,48
1655,1437,15-04-2020,0-19,96
1656,1438,15-04-2020,20-29,50
1657,1440,15-04-2020,40-49,35
1658,1441,15-04-2020,50-59,17
1659,1442,15-04-2020,60+,30
1660,1443,15-04-2020,?? ????,4
1661,1436,15-03-2021,?? ????,12
1662,1435,15-03-2021,60+,221
1663,1434,15-03-2021,50-59,190
1664,1433,15-03-2021,40-49,308
1665,1432,15-03-2021,30-39,368
1666,1431,15-03-2021,20-29,682
1667,1430,15-03-2021,0-19,884
1668,1426,15-02-2021,40-49,634
1669,1423,15-02-2021,0-19,1449
1670,1424,15-02-2021,20-29,1039
1671,1425,15-02-2021,30-39,747
1672,1429,15-02-2021,?? ????,39
1673,1427,15-02-2021,50-59,500
1674,1428,15-02-2021,60+,489
1675,1422,15-01-2021,?? ????,218
1676,1421,15-01-2021,60+,697
1677,1420,15-01-2021,50-59,543
1678,1419,15-01-2021,40-49,796
1679,1418,15-01-2021,30-39,971
1680,1417,15-01-2021,20-29,1120
1681,1416,15-01-2021,0-19,3719
1682,1412,14-12-2020,40-49,137
1683,1409,14-12-2020,0-19,514
1684,1410,14-12-2020,20-29,204
1685,1411,14-12-2020,30-39,147
1686,1415,14-12-2020,?? ????,12
1687,1413,14-12-2020,50-59,129
1688,1414,14-12-2020,60+,127
1689,1404,14-11-2020,30-39,40
1690,1402,14-11-2020,0-19,164
1691,1403,14-11-2020,20-29,69
1692,1406,14-11-2020,50-59,31
1693,1407,14-11-2020,60+,60
1694,1405,14-11-2020,40-49,47
1695,1408,14-11-2020,?? ????,11
1696,1398,14-10-2020,40-49,624
1697,1396,14-10-2020,20-29,853
1698,1397,14-10-2020,30-39,778
1699,1395,14-10-2020,0-19,2581
1700,1399,14-10-2020,50-59,470
1701,1400,14-10-2020,60+,508
1702,1401,14-10-2020,?? ????,55
1703,1394,14-09-2020,?? ????,16
1704,1393,14-09-2020,60+,260
1705,1392,14-09-2020,50-59,211
1706,1391,14-09-2020,40-49,300
1707,1390,14-09-2020,30-39,376
1708,1389,14-09-2020,20-29,387
1709,1388,14-09-2020,0-19,863
1710,1384,14-08-2020,40-49,107
1711,1381,14-08-2020,0-19,305
1712,1382,14-08-2020,20-29,232
1713,1383,14-08-2020,30-39,128
1714,1385,14-08-2020,50-59,75
1715,1386,14-08-2020,60+,126
1716,1387,14-08-2020,?? ????,12
1717,1380,14-07-2020,?? ????,9
1718,1379,14-07-2020,60+,47
1719,1378,14-07-2020,50-59,30
1720,1377,14-07-2020,40-49,42
1721,1376,14-07-2020,30-39,35
1722,1375,14-07-2020,20-29,63
1723,1374,14-07-2020,0-19,87
1724,1370,14-06-2021,30-39,3
1725,1368,14-06-2021,0-19,8
1726,1369,14-06-2021,20-29,5
1727,1373,14-06-2021,60+,3
1728,1371,14-06-2021,40-49,2
1729,1372,14-06-2021,50-59,2
1730,1367,14-06-2020,60+,6
1731,1366,14-06-2020,50-59,7
1732,1365,14-06-2020,40-49,7
1733,1364,14-06-2020,30-39,3
1734,1363,14-06-2020,20-29,6
1735,1362,14-06-2020,0-19,20
1736,1356,14-05-2021,0-19,21
1737,1359,14-05-2021,40-49,7
1738,1357,14-05-2021,20-29,11
1739,1358,14-05-2021,30-39,14
1740,1361,14-05-2021,60+,7
1741,1360,14-05-2021,50-59,5
1742,1349,14-05-2020,0-19,72
1743,1355,14-05-2020,?? ????,1
1744,1354,14-05-2020,60+,32
1745,1353,14-05-2020,50-59,18
1746,1352,14-05-2020,40-49,31
1747,1351,14-05-2020,30-39,30
1748,1350,14-05-2020,20-29,58
1749,1346,14-04-2021,40-49,54
1750,1343,14-04-2021,0-19,193
1751,1344,14-04-2021,20-29,88
1752,1345,14-04-2021,30-39,72
1753,1347,14-04-2021,50-59,43
1754,1348,14-04-2021,60+,35
1755,1339,14-04-2020,40-49,39
1756,1337,14-04-2020,20-29,54
1757,1338,14-04-2020,30-39,40
1758,1336,14-04-2020,0-19,97
1759,1340,14-04-2020,50-59,38
1760,1341,14-04-2020,60+,24
1761,1342,14-04-2020,?? ????,1
1762,1329,14-03-2021,0-19,1861
1763,1332,14-03-2021,40-49,683
1764,1330,14-03-2021,20-29,1295
1765,1331,14-03-2021,30-39,913
1766,1335,14-03-2021,?? ????,31
1767,1333,14-03-2021,50-59,519
1768,1334,14-03-2021,60+,538
1769,1325,14-02-2021,40-49,1240
1770,1322,14-02-2021,0-19,3177
1771,1324,14-02-2021,30-39,1462
1772,1323,14-02-2021,20-29,2000
1773,1326,14-02-2021,50-59,856
1774,1327,14-02-2021,60+,906
1775,1328,14-02-2021,?? ????,36
1776,1321,14-01-2021,?? ????,133
1777,1320,14-01-2021,60+,653
1778,1319,14-01-2021,50-59,544
1779,1318,14-01-2021,40-49,908
1780,1317,14-01-2021,30-39,1079
1781,1316,14-01-2021,20-29,1268
1782,1315,14-01-2021,0-19,4684
1783,1309,13-12-2020,20-29,352
1784,1311,13-12-2020,40-49,220
1785,1308,13-12-2020,0-19,735
1786,1310,13-12-2020,30-39,233
1787,1312,13-12-2020,50-59,168
1788,1313,13-12-2020,60+,182
1789,1314,13-12-2020,?? ????,27
1790,1304,13-11-2020,40-49,80
1791,1302,13-11-2020,20-29,114
1792,1303,13-11-2020,30-39,78
1793,1301,13-11-2020,0-19,310
1794,1305,13-11-2020,50-59,57
1795,1306,13-11-2020,60+,79
1796,1307,13-11-2020,?? ????,18
1797,1300,13-10-2020,?? ????,77
1798,1299,13-10-2020,60+,525
1799,1298,13-10-2020,50-59,447
1800,1297,13-10-2020,40-49,681
1801,1296,13-10-2020,30-39,722
1802,1295,13-10-2020,20-29,904
1803,1294,13-10-2020,0-19,2407
1804,1289,13-09-2020,30-39,484
1805,1287,13-09-2020,0-19,1039
1806,1288,13-09-2020,20-29,634
1807,1290,13-09-2020,40-49,404
1808,1292,13-09-2020,60+,375
1809,1293,13-09-2020,?? ????,27
1810,1291,13-09-2020,50-59,314
1811,1280,13-08-2020,0-19,472
1812,1283,13-08-2020,40-49,147
1813,1282,13-08-2020,30-39,190
1814,1281,13-08-2020,20-29,230
1815,1284,13-08-2020,50-59,111
1816,1285,13-08-2020,60+,152
1817,1286,13-08-2020,?? ????,7
1818,1279,13-07-2020,?? ????,4
1819,1278,13-07-2020,60+,59
1820,1277,13-07-2020,50-59,30
1821,1276,13-07-2020,40-49,44
1822,1275,13-07-2020,30-39,49
1823,1274,13-07-2020,20-29,55
1824,1273,13-07-2020,0-19,122
1825,1268,13-06-2021,20-29,5
1826,1270,13-06-2021,40-49,6
1827,1269,13-06-2021,30-39,7
1828,1267,13-06-2021,0-19,6
1829,1271,13-06-2021,50-59,2
1830,1272,13-06-2021,60+,2
1831,1261,13-06-2020,0-19,11
1832,1263,13-06-2020,30-39,5
1833,1262,13-06-2020,20-29,8
1834,1265,13-06-2020,50-59,8
1835,1264,13-06-2020,40-49,5
1836,1266,13-06-2020,60+,3
1837,1260,13-05-2021,60+,4
1838,1259,13-05-2021,50-59,14
1839,1258,13-05-2021,40-49,9
1840,1257,13-05-2021,30-39,7
1841,1256,13-05-2021,20-29,16
1842,1255,13-05-2021,0-19,23
1843,1251,13-05-2020,30-39,34
1844,1249,13-05-2020,0-19,64
1845,1250,13-05-2020,20-29,29
1846,1252,13-05-2020,40-49,27
1847,1253,13-05-2020,50-59,8
1848,1254,13-05-2020,60+,20
1849,1248,13-04-2021,60+,26
1850,1247,13-04-2021,50-59,29
1851,1246,13-04-2021,40-49,46
1852,1245,13-04-2021,30-39,53
1853,1244,13-04-2021,20-29,95
1854,1243,13-04-2021,0-19,132
1855,1239,13-04-2020,30-39,46
1856,1237,13-04-2020,0-19,96
1857,1238,13-04-2020,20-29,57
1858,1241,13-04-2020,50-59,20
1859,1240,13-04-2020,40-49,29
1860,1242,13-04-2020,60+,34
1861,1230,13-03-2021,0-19,673
1862,1236,13-03-2021,?? ????,5
1863,1235,13-03-2021,60+,147
1864,1234,13-03-2021,50-59,189
1865,1233,13-03-2021,40-49,239
1866,1232,13-03-2021,30-39,275
1867,1231,13-03-2021,20-29,515
1868,1229,13-03-2020,60+,1
1869,1228,13-02-2021,?? ????,12
1870,1227,13-02-2021,60+,335
1871,1226,13-02-2021,50-59,299
1872,1225,13-02-2021,40-49,416
1873,1224,13-02-2021,30-39,523
1874,1223,13-02-2021,20-29,722
1875,1222,13-02-2021,0-19,1127
1876,1218,13-01-2021,40-49,757
1877,1215,13-01-2021,0-19,4145
1878,1216,13-01-2021,20-29,1132
1879,1217,13-01-2021,30-39,974
1880,1219,13-01-2021,50-59,459
1881,1220,13-01-2021,60+,473
1882,1221,13-01-2021,?? ????,129
1883,1211,12-12-2020,40-49,92
1884,1209,12-12-2020,20-29,154
1885,1210,12-12-2020,30-39,114
1886,1208,12-12-2020,0-19,396
1887,1212,12-12-2020,50-59,59
1888,1213,12-12-2020,60+,97
1889,1214,12-12-2020,?? ????,10
1890,1207,12-11-2020,?? ????,39
1891,1206,12-11-2020,60+,106
1892,1205,12-11-2020,50-59,101
1893,1204,12-11-2020,40-49,114
1894,1203,12-11-2020,30-39,146
1895,1202,12-11-2020,20-29,227
1896,1201,12-11-2020,0-19,476
1897,1197,12-10-2020,40-49,667
1898,1194,12-10-2020,0-19,2265
1899,1196,12-10-2020,30-39,718
1900,1195,12-10-2020,20-29,814
1901,1198,12-10-2020,50-59,485
1902,1200,12-10-2020,?? ????,41
1903,1199,12-10-2020,60+,556
1904,1193,12-09-2020,?? ????,12
1905,1192,12-09-2020,60+,110
1906,1191,12-09-2020,50-59,109
1907,1190,12-09-2020,40-49,161
1908,1189,12-09-2020,30-39,201
1909,1188,12-09-2020,20-29,236
1910,1187,12-09-2020,0-19,438
1911,1183,12-08-2020,40-49,140
1912,1180,12-08-2020,0-19,395
1913,1181,12-08-2020,20-29,209
1914,1182,12-08-2020,30-39,146
1915,1184,12-08-2020,50-59,107
1916,1185,12-08-2020,60+,127
1917,1186,12-08-2020,?? ????,10
1918,1179,12-07-2020,60+,39
1919,1178,12-07-2020,50-59,27
1920,1177,12-07-2020,40-49,51
1921,1176,12-07-2020,30-39,50
1922,1175,12-07-2020,20-29,77
1923,1174,12-07-2020,0-19,94
1924,1171,12-06-2021,50-59,1
1925,1169,12-06-2021,30-39,1
1926,1170,12-06-2021,40-49,3
1927,1167,12-06-2021,0-19,4
1928,1172,12-06-2021,60+,2
1929,1173,12-06-2021,?? ????,1
1930,1168,12-06-2021,20-29,3
1931,1161,12-06-2020,0-19,24
1932,1163,12-06-2020,30-39,6
1933,1162,12-06-2020,20-29,8
1934,1165,12-06-2020,50-59,8
1935,1164,12-06-2020,40-49,4
1936,1166,12-06-2020,60+,4
1937,1160,12-05-2021,?? ????,1
1938,1159,12-05-2021,60+,8
1939,1158,12-05-2021,50-59,6
1940,1157,12-05-2021,40-49,11
1941,1156,12-05-2021,30-39,17
1942,1155,12-05-2021,20-29,29
1943,1154,12-05-2021,0-19,22
1944,1149,12-05-2020,30-39,36
1945,1147,12-05-2020,0-19,89
1946,1148,12-05-2020,20-29,33
1947,1150,12-05-2020,40-49,37
1948,1151,12-05-2020,50-59,25
1949,1152,12-05-2020,60+,37
1950,1153,12-05-2020,?? ????,1
1951,1146,12-04-2021,60+,27
1952,1145,12-04-2021,50-59,30
1953,1144,12-04-2021,40-49,54
1954,1143,12-04-2021,30-39,44
1955,1142,12-04-2021,20-29,68
1956,1141,12-04-2021,0-19,140
1957,1137,12-04-2020,40-49,41
1958,1134,12-04-2020,0-19,88
1959,1135,12-04-2020,20-29,47
1960,1136,12-04-2020,30-39,43
1961,1140,12-04-2020,?? ????,2
1962,1138,12-04-2020,50-59,18
1963,1139,12-04-2020,60+,18
1964,1130,12-03-2021,40-49,486
1965,1128,12-03-2021,20-29,905
1966,1129,12-03-2021,30-39,583
1967,1127,12-03-2021,0-19,1286
1968,1131,12-03-2021,50-59,317
1969,1132,12-03-2021,60+,322
1970,1133,12-03-2021,?? ????,19
1971,1126,12-02-2021,?? ????,55
1972,1125,12-02-2021,60+,628
1973,1124,12-02-2021,50-59,654
1974,1123,12-02-2021,40-49,847
1975,1122,12-02-2021,30-39,1065
1976,1121,12-02-2021,20-29,1713
1977,1120,12-02-2021,0-19,2314
1978,1115,12-01-2021,30-39,625
1979,1113,12-01-2021,0-19,2164
1980,1114,12-01-2021,20-29,692
1981,1116,12-01-2021,40-49,451
1982,1118,12-01-2021,60+,297
1983,1119,12-01-2021,?? ????,61
1984,1117,12-01-2021,50-59,307
1985,1106,11-12-2020,0-19,503
1986,1109,11-12-2020,40-49,125
1987,1107,11-12-2020,20-29,193
1988,1108,11-12-2020,30-39,116
1989,1110,11-12-2020,50-59,91
1990,1111,11-12-2020,60+,106
1991,1112,11-12-2020,?? ????,14
1992,1099,11-11-2020,0-19,470
1993,1105,11-11-2020,?? ????,25
1994,1104,11-11-2020,60+,118
1995,1103,11-11-2020,50-59,96
1996,1102,11-11-2020,40-49,103
1997,1101,11-11-2020,30-39,119
1998,1100,11-11-2020,20-29,157
1999,1092,11-10-2020,0-19,3234
2000,1095,11-10-2020,40-49,786
2001,1094,11-10-2020,30-39,1009
2002,1093,11-10-2020,20-29,1218
2003,1096,11-10-2020,50-59,593
2004,1098,11-10-2020,?? ????,86
2005,1097,11-10-2020,60+,676
2006,1091,11-09-2020,?? ????,14
2007,1090,11-09-2020,60+,145
2008,1089,11-09-2020,50-59,176
2009,1088,11-09-2020,40-49,232
2010,1087,11-09-2020,30-39,301
2011,1086,11-09-2020,20-29,345
2012,1085,11-09-2020,0-19,562
2013,1081,11-08-2020,40-49,113
2014,1078,11-08-2020,0-19,373
2015,1079,11-08-2020,20-29,139
2016,1080,11-08-2020,30-39,122
2017,1083,11-08-2020,60+,131
2018,1082,11-08-2020,50-59,94
2019,1084,11-08-2020,?? ????,11
2020,1077,11-07-2020,?? ????,4
2021,1076,11-07-2020,60+,21
2022,1075,11-07-2020,50-59,17
2023,1074,11-07-2020,40-49,24
2024,1073,11-07-2020,30-39,32
2025,1072,11-07-2020,20-29,30
2026,1071,11-07-2020,0-19,63
2027,1065,11-06-2021,0-19,13
2028,1068,11-06-2021,40-49,2
2029,1066,11-06-2021,20-29,3
2030,1067,11-06-2021,30-39,1
2031,1069,11-06-2021,50-59,1
2032,1070,11-06-2021,60+,1
2033,1064,11-06-2020,60+,6
2034,1063,11-06-2020,50-59,7
2035,1062,11-06-2020,40-49,6
2036,1061,11-06-2020,30-39,9
2037,1060,11-06-2020,20-29,11
2038,1059,11-06-2020,0-19,16
2039,1055,11-05-2021,40-49,10
2040,1052,11-05-2021,0-19,22
2041,1053,11-05-2021,20-29,18
2042,1054,11-05-2021,30-39,13
2043,1056,11-05-2021,50-59,9
2044,1057,11-05-2021,60+,10
2045,1058,11-05-2021,?? ????,2
2046,1051,11-05-2020,?? ????,3
2047,1050,11-05-2020,60+,39
2048,1049,11-05-2020,50-59,36
2049,1048,11-05-2020,40-49,35
2050,1047,11-05-2020,30-39,37
2051,1046,11-05-2020,20-29,58
2052,1045,11-05-2020,0-19,123
2053,1041,11-04-2021,40-49,105
2054,1038,11-04-2021,0-19,297
2055,1039,11-04-2021,20-29,137
2056,1040,11-04-2021,30-39,106
2057,1044,11-04-2021,?? ????,2
2058,1042,11-04-2021,50-59,71
2059,1043,11-04-2021,60+,59
2060,1037,11-04-2020,?? ????,3
2061,1036,11-04-2020,60+,9
2062,1035,11-04-2020,50-59,20
2063,1034,11-04-2020,40-49,8
2064,1033,11-04-2020,30-39,12
2065,1032,11-04-2020,20-29,26
2066,1031,11-04-2020,0-19,43
2067,1027,11-03-2021,40-49,601
2068,1024,11-03-2021,0-19,1796
2069,1025,11-03-2021,20-29,1117
2070,1026,11-03-2021,30-39,722
2071,1030,11-03-2021,?? ????,30
2072,1028,11-03-2021,50-59,357
2073,1029,11-03-2021,60+,390
2074,1020,11-02-2021,40-49,1072
2075,1017,11-02-2021,0-19,3134
2076,1018,11-02-2021,20-29,1934
2077,1019,11-02-2021,30-39,1296
2078,1021,11-02-2021,50-59,681
2079,1022,11-02-2021,60+,666
2080,1023,11-02-2021,?? ????,40
2081,1013,11-01-2021,40-49,492
2082,1011,11-01-2021,20-29,794
2083,1012,11-01-2021,30-39,654
2084,1010,11-01-2021,0-19,2218
2085,1014,11-01-2021,50-59,343
2086,1015,11-01-2021,60+,323
2087,1016,11-01-2021,?? ????,58
2088,1009,10-12-2020,?? ????,14
2089,1008,10-12-2020,60+,112
2090,1007,10-12-2020,50-59,106
2091,1006,10-12-2020,40-49,151
2092,1005,10-12-2020,30-39,191
2093,1004,10-12-2020,20-29,242
2094,1003,10-12-2020,0-19,624
2095,998,10-11-2020,30-39,31
2096,996,10-11-2020,0-19,141
2097,997,10-11-2020,20-29,67
2098,999,10-11-2020,40-49,40
2099,1001,10-11-2020,60+,33
2100,1002,10-11-2020,?? ????,4
2101,1000,10-11-2020,50-59,23
2102,989,10-10-2020,0-19,1679
2103,992,10-10-2020,40-49,431
2104,991,10-10-2020,30-39,472
2105,990,10-10-2020,20-29,559
2106,993,10-10-2020,50-59,291
2107,994,10-10-2020,60+,360
2108,995,10-10-2020,?? ????,32
2109,988,10-09-2020,?? ????,28
2110,987,10-09-2020,60+,176
2111,986,10-09-2020,50-59,181
2112,985,10-09-2020,40-49,294
2113,984,10-09-2020,30-39,319
2114,983,10-09-2020,20-29,367
2115,982,10-09-2020,0-19,612
2116,976,10-08-2020,20-29,348
2117,978,10-08-2020,40-49,140
2118,977,10-08-2020,30-39,171
2119,975,10-08-2020,0-19,437
2120,979,10-08-2020,50-59,114
2121,980,10-08-2020,60+,167
2122,981,10-08-2020,?? ????,16
2123,969,10-07-2020,20-29,40
2124,971,10-07-2020,40-49,35
2125,968,10-07-2020,0-19,69
2126,970,10-07-2020,30-39,25
2127,972,10-07-2020,50-59,29
2128,973,10-07-2020,60+,14
2129,974,10-07-2020,?? ????,1
2130,967,10-06-2021,60+,4
2131,966,10-06-2021,50-59,5
2132,965,10-06-2021,40-49,2
2133,964,10-06-2021,30-39,3
2134,963,10-06-2021,20-29,7
2135,962,10-06-2021,0-19,9
2136,957,10-06-2020,30-39,12
2137,955,10-06-2020,0-19,10
2138,956,10-06-2020,20-29,6
2139,958,10-06-2020,40-49,4
2140,959,10-06-2020,50-59,8
2141,960,10-06-2020,60+,10
2142,961,10-06-2020,?? ????,1
2143,954,10-05-2021,60+,10
2144,953,10-05-2021,50-59,6
2145,952,10-05-2021,40-49,2
2146,951,10-05-2021,30-39,8
2147,950,10-05-2021,20-29,9
2148,949,10-05-2021,0-19,22
2149,945,10-05-2020,30-39,21
2150,943,10-05-2020,0-19,62
2151,944,10-05-2020,20-29,32
2152,948,10-05-2020,60+,21
2153,946,10-05-2020,40-49,17
2154,947,10-05-2020,50-59,18
2155,939,10-04-2021,40-49,36
2156,937,10-04-2021,20-29,65
2157,938,10-04-2021,30-39,74
2158,936,10-04-2021,0-19,155
2159,940,10-04-2021,50-59,31
2160,941,10-04-2021,60+,26
2161,942,10-04-2021,?? ????,1
2162,935,10-04-2020,?? ????,1
2163,934,10-04-2020,60+,10
2164,933,10-04-2020,50-59,8
2165,932,10-04-2020,40-49,15
2166,931,10-04-2020,30-39,13
2167,930,10-04-2020,20-29,30
2168,929,10-04-2020,0-19,52
2169,924,10-03-2021,30-39,731
2170,922,10-03-2021,0-19,1572
2171,923,10-03-2021,20-29,1078
2172,925,10-03-2021,40-49,498
2173,927,10-03-2021,60+,364
2174,928,10-03-2021,?? ????,17
2175,926,10-03-2021,50-59,357
2176,915,10-02-2021,0-19,3031
2177,918,10-02-2021,40-49,914
2178,917,10-02-2021,30-39,1200
2179,916,10-02-2021,20-29,1903
2180,919,10-02-2021,50-59,611
2181,920,10-02-2021,60+,615
2182,921,10-02-2021,?? ????,48
2183,914,10-01-2021,?? ????,97
2184,913,10-01-2021,60+,577
2185,912,10-01-2021,50-59,601
2186,911,10-01-2021,40-49,885
2187,910,10-01-2021,30-39,1187
2188,909,10-01-2021,20-29,1470
2189,908,10-01-2021,0-19,3596
2190,901,09-12-2020,0-19,347
2191,902,09-12-2020,20-29,182
2192,904,09-12-2020,40-49,127
2193,903,09-12-2020,30-39,151
2194,905,09-12-2020,50-59,93
2195,907,09-12-2020,?? ????,22
2196,906,09-12-2020,60+,109
2197,894,09-11-2020,0-19,328
2198,897,09-11-2020,40-49,125
2199,896,09-11-2020,30-39,115
2200,895,09-11-2020,20-29,158
2201,898,09-11-2020,50-59,84
2202,899,09-11-2020,60+,104
2203,900,09-11-2020,?? ????,9
2204,893,09-10-2020,?? ????,53
2205,892,09-10-2020,60+,482
2206,891,09-10-2020,50-59,428
2207,890,09-10-2020,40-49,564
2208,889,09-10-2020,30-39,686
2209,888,09-10-2020,20-29,801
2210,887,09-10-2020,0-19,2117
2211,881,09-09-2020,20-29,296
2212,883,09-09-2020,40-49,201
2213,882,09-09-2020,30-39,230
2214,880,09-09-2020,0-19,453
2215,884,09-09-2020,50-59,130
2216,885,09-09-2020,60+,139
2217,886,09-09-2020,?? ????,17
2218,874,09-08-2020,20-29,451
2219,876,09-08-2020,40-49,262
2220,873,09-08-2020,0-19,815
2221,875,09-08-2020,30-39,317
2222,877,09-08-2020,50-59,201
2223,878,09-08-2020,60+,285
2224,879,09-08-2020,?? ????,9
2225,866,09-07-2020,0-19,62
2226,872,09-07-2020,?? ????,7
2227,871,09-07-2020,60+,20
2228,870,09-07-2020,50-59,23
2229,869,09-07-2020,40-49,34
2230,868,09-07-2020,30-39,41
2231,867,09-07-2020,20-29,39
2232,859,09-06-2021,0-19,3
2233,860,09-06-2021,20-29,3
2234,861,09-06-2021,30-39,5
2235,862,09-06-2021,40-49,5
2236,863,09-06-2021,50-59,4
2237,864,09-06-2021,60+,3
2238,865,09-06-2021,?? ????,1
2239,855,09-06-2020,30-39,11
2240,853,09-06-2020,0-19,19
2241,854,09-06-2020,20-29,3
2242,856,09-06-2020,40-49,5
2243,857,09-06-2020,50-59,3
2244,858,09-06-2020,60+,4
2245,846,09-05-2021,0-19,55
2246,849,09-05-2021,40-49,22
2247,847,09-05-2021,20-29,23
2248,848,09-05-2021,30-39,19
2249,852,09-05-2021,?? ????,3
2250,850,09-05-2021,50-59,10
2251,851,09-05-2021,60+,16
2252,845,09-05-2020,?? ????,1
2253,844,09-05-2020,60+,6
2254,843,09-05-2020,50-59,5
2255,842,09-05-2020,40-49,10
2256,841,09-05-2020,30-39,12
2257,840,09-05-2020,20-29,24
2258,839,09-05-2020,0-19,31
2259,835,09-04-2021,40-49,84
2260,833,09-04-2021,20-29,83
2261,834,09-04-2021,30-39,89
2262,832,09-04-2021,0-19,216
2263,836,09-04-2021,50-59,54
2264,837,09-04-2021,60+,52
2265,838,09-04-2021,?? ????,2
2266,826,09-04-2020,0-19,35
2267,827,09-04-2020,20-29,10
2268,828,09-04-2020,30-39,17
2269,829,09-04-2020,40-49,18
2270,830,09-04-2020,50-59,14
2271,831,09-04-2020,60+,19
2272,822,09-03-2021,40-49,322
2273,820,09-03-2021,20-29,654
2274,821,09-03-2021,30-39,393
2275,819,09-03-2021,0-19,1090
2276,823,09-03-2021,50-59,211
2277,824,09-03-2021,60+,239
2278,825,09-03-2021,?? ????,17
2279,818,09-02-2021,?? ????,45
2280,817,09-02-2021,60+,419
2281,816,09-02-2021,50-59,368
2282,815,09-02-2021,40-49,554
2283,814,09-02-2021,30-39,747
2284,813,09-02-2021,20-29,1016
2285,812,09-02-2021,0-19,1790
2286,805,09-01-2021,0-19,1308
2287,806,09-01-2021,20-29,584
2288,807,09-01-2021,30-39,427
2289,808,09-01-2021,40-49,316
2290,809,09-01-2021,50-59,211
2291,811,09-01-2021,?? ????,57
2292,810,09-01-2021,60+,205
2293,801,08-12-2020,40-49,102
2294,799,08-12-2020,20-29,130
2295,800,08-12-2020,30-39,110
2296,798,08-12-2020,0-19,373
2297,802,08-12-2020,50-59,71
2298,803,08-12-2020,60+,94
2299,804,08-12-2020,?? ????,15
2300,797,08-11-2020,?? ????,8
2301,796,08-11-2020,60+,71
2302,795,08-11-2020,50-59,51
2303,794,08-11-2020,40-49,63
2304,793,08-11-2020,30-39,88
2305,792,08-11-2020,20-29,114
2306,791,08-11-2020,0-19,289
2307,787,08-10-2020,40-49,517
2308,785,08-10-2020,20-29,749
2309,786,08-10-2020,30-39,651
2310,784,08-10-2020,0-19,1967
2311,788,08-10-2020,50-59,398
2312,789,08-10-2020,60+,478
2313,790,08-10-2020,?? ????,68
2314,778,08-09-2020,20-29,306
2315,780,08-09-2020,40-49,173
2316,779,08-09-2020,30-39,213
2317,777,08-09-2020,0-19,466
2318,781,08-09-2020,50-59,123
2319,782,08-09-2020,60+,143
2320,783,08-09-2020,?? ????,12
2321,770,08-08-2020,0-19,189
2322,771,08-08-2020,20-29,124
2323,773,08-08-2020,40-49,72
2324,772,08-08-2020,30-39,84
2325,775,08-08-2020,60+,79
2326,774,08-08-2020,50-59,57
2327,776,08-08-2020,?? ????,3
2328,769,08-07-2020,?? ????,1
2329,768,08-07-2020,60+,30
2330,767,08-07-2020,50-59,13
2331,766,08-07-2020,40-49,31
2332,765,08-07-2020,30-39,34
2333,764,08-07-2020,20-29,51
2334,763,08-07-2020,0-19,64
2335,759,08-06-2021,30-39,1
2336,757,08-06-2021,0-19,7
2337,758,08-06-2021,20-29,2
2338,760,08-06-2021,40-49,2
2339,761,08-06-2021,50-59,1
2340,762,08-06-2021,60+,4
2341,756,08-06-2020,60+,5
2342,755,08-06-2020,50-59,5
2343,754,08-06-2020,40-49,4
2344,753,08-06-2020,30-39,4
2345,752,08-06-2020,20-29,10
2346,751,08-06-2020,0-19,11
2347,747,08-05-2021,40-49,15
2348,744,08-05-2021,0-19,18
2349,745,08-05-2021,20-29,9
2350,746,08-05-2021,30-39,12
2351,750,08-05-2021,?? ????,2
2352,748,08-05-2021,50-59,3
2353,749,08-05-2021,60+,4
2354,740,08-05-2020,40-49,22
2355,738,08-05-2020,20-29,56
2356,739,08-05-2020,30-39,24
2357,737,08-05-2020,0-19,69
2358,741,08-05-2020,50-59,20
2359,742,08-05-2020,60+,31
2360,743,08-05-2020,?? ????,1
2361,736,08-04-2021,?? ????,4
2362,735,08-04-2021,60+,44
2363,734,08-04-2021,50-59,66
2364,733,08-04-2021,40-49,80
2365,732,08-04-2021,30-39,103
2366,731,08-04-2021,20-29,97
2367,730,08-04-2021,0-19,245
2368,726,08-04-2020,40-49,10
2369,723,08-04-2020,0-19,35
2370,724,08-04-2020,20-29,25
2371,725,08-04-2020,30-39,11
2372,727,08-04-2020,50-59,18
2373,728,08-04-2020,60+,7
2374,729,08-04-2020,?? ????,1
2375,719,08-03-2021,40-49,321
2376,717,08-03-2021,20-29,581
2377,718,08-03-2021,30-39,415
2378,716,08-03-2021,0-19,963
2379,720,08-03-2021,50-59,207
2380,721,08-03-2021,60+,196
2381,722,08-03-2021,?? ????,5
2382,715,08-02-2021,?? ????,29
2383,714,08-02-2021,60+,371
2384,713,08-02-2021,50-59,374
2385,712,08-02-2021,40-49,600
2386,711,08-02-2021,30-39,791
2387,710,08-02-2021,20-29,888
2388,709,08-02-2021,0-19,1987
2389,705,08-01-2021,40-49,466
2390,703,08-01-2021,20-29,886
2391,704,08-01-2021,30-39,704
2392,702,08-01-2021,0-19,2076
2393,706,08-01-2021,50-59,360
2394,708,08-01-2021,?? ????,48
2395,707,08-01-2021,60+,333
2396,701,07-12-2020,?? ????,8
2397,700,07-12-2020,60+,91
2398,699,07-12-2020,50-59,86
2399,698,07-12-2020,40-49,81
2400,697,07-12-2020,30-39,116
2401,696,07-12-2020,20-29,149
2402,695,07-12-2020,0-19,377
2403,691,07-11-2020,40-49,68
2404,688,07-11-2020,0-19,299
2405,689,07-11-2020,20-29,101
2406,690,07-11-2020,30-39,76
2407,692,07-11-2020,50-59,49
2408,693,07-11-2020,60+,87
2409,694,07-11-2020,?? ????,6
2410,687,07-10-2020,?? ????,52
2411,686,07-10-2020,60+,534
2412,685,07-10-2020,50-59,444
2413,684,07-10-2020,40-49,617
2414,683,07-10-2020,30-39,699
2415,682,07-10-2020,20-29,788
2416,681,07-10-2020,0-19,1786
2417,677,07-09-2020,40-49,192
2418,674,07-09-2020,0-19,480
2419,676,07-09-2020,30-39,221
2420,675,07-09-2020,20-29,402
2421,678,07-09-2020,50-59,112
2422,680,07-09-2020,?? ????,20
2423,679,07-09-2020,60+,171
2424,673,07-08-2020,?? ????,14
2425,672,07-08-2020,60+,146
2426,671,07-08-2020,50-59,93
2427,670,07-08-2020,40-49,135
2428,669,07-08-2020,30-39,155
2429,668,07-08-2020,20-29,280
2430,667,07-08-2020,0-19,388
2431,664,07-07-2020,40-49,13
2432,661,07-07-2020,0-19,57
2433,662,07-07-2020,20-29,33
2434,663,07-07-2020,30-39,28
2435,665,07-07-2020,50-59,19
2436,666,07-07-2020,60+,22
2437,660,07-06-2021,60+,5
2438,659,07-06-2021,50-59,5
2439,658,07-06-2021,40-49,4
2440,657,07-06-2021,30-39,8
2441,656,07-06-2021,20-29,3
2442,655,07-06-2021,0-19,27
2443,651,07-06-2020,30-39,6
2444,649,07-06-2020,0-19,12
2445,650,07-06-2020,20-29,7
2446,652,07-06-2020,40-49,6
2447,653,07-06-2020,50-59,4
2448,654,07-06-2020,60+,7
2449,648,07-05-2021,60+,7
2450,647,07-05-2021,50-59,12
2451,646,07-05-2021,40-49,15
2452,645,07-05-2021,30-39,10
2453,644,07-05-2021,20-29,14
2454,643,07-05-2021,0-19,30
2455,639,07-05-2020,40-49,28
2456,636,07-05-2020,0-19,79
2457,637,07-05-2020,20-29,46
2458,638,07-05-2020,30-39,33
2459,640,07-05-2020,50-59,16
2460,641,07-05-2020,60+,19
2461,642,07-05-2020,?? ????,8
2462,635,07-04-2021,?? ????,2
2463,634,07-04-2021,60+,34
2464,633,07-04-2021,50-59,24
2465,632,07-04-2021,40-49,68
2466,631,07-04-2021,30-39,56
2467,630,07-04-2021,20-29,76
2468,629,07-04-2021,0-19,164
2469,624,07-04-2020,20-29,26
2470,625,07-04-2020,30-39,12
2471,623,07-04-2020,0-19,50
2472,627,07-04-2020,50-59,10
2473,626,07-04-2020,40-49,17
2474,628,07-04-2020,60+,7
2475,622,07-03-2021,?? ????,33
2476,621,07-03-2021,60+,461
2477,620,07-03-2021,50-59,373
2478,619,07-03-2021,40-49,657
2479,618,07-03-2021,30-39,955
2480,617,07-03-2021,20-29,1141
2481,616,07-03-2021,0-19,2098
2482,611,07-02-2021,30-39,1684
2483,609,07-02-2021,0-19,1941
2484,610,07-02-2021,20-29,2005
2485,612,07-02-2021,40-49,1363
2486,613,07-02-2021,50-59,992
2487,614,07-02-2021,60+,1749
2488,615,07-02-2021,?? ????,67
2489,608,07-01-2021,?? ????,74
2490,607,07-01-2021,60+,437
2491,606,07-01-2021,50-59,501
2492,605,07-01-2021,40-49,603
2493,604,07-01-2021,30-39,888
2494,603,07-01-2021,20-29,1101
2495,602,07-01-2021,0-19,2286
2496,598,06-12-2020,40-49,153
2497,595,06-12-2020,0-19,572
2498,596,06-12-2020,20-29,278
2499,597,06-12-2020,30-39,155
2500,601,06-12-2020,?? ????,11
2501,599,06-12-2020,50-59,110
2502,600,06-12-2020,60+,122
2503,594,06-11-2020,?? ????,8
2504,593,06-11-2020,60+,101
2505,592,06-11-2020,50-59,83
2506,591,06-11-2020,40-49,92
2507,590,06-11-2020,30-39,110
2508,589,06-11-2020,20-29,151
2509,588,06-11-2020,0-19,347
2510,584,06-10-2020,40-49,746
2511,581,06-10-2020,0-19,2479
2512,582,06-10-2020,20-29,1131
2513,583,06-10-2020,30-39,834
2514,587,06-10-2020,?? ????,44
2515,585,06-10-2020,50-59,580
2516,586,06-10-2020,60+,657
2517,577,06-09-2020,40-49,253
2518,574,06-09-2020,0-19,875
2519,575,06-09-2020,20-29,539
2520,576,06-09-2020,30-39,299
2521,579,06-09-2020,60+,214
2522,578,06-09-2020,50-59,181
2523,580,06-09-2020,?? ????,38
2524,570,06-08-2020,40-49,241
2525,568,06-08-2020,20-29,291
2526,569,06-08-2020,30-39,227
2527,567,06-08-2020,0-19,617
2528,571,06-08-2020,50-59,163
2529,572,06-08-2020,60+,205
2530,573,06-08-2020,?? ????,8
2531,566,06-07-2020,?? ????,1
2532,565,06-07-2020,60+,24
2533,564,06-07-2020,50-59,15
2534,563,06-07-2020,40-49,25
2535,562,06-07-2020,30-39,29
2536,561,06-07-2020,20-29,38
2537,560,06-07-2020,0-19,61
2538,557,06-06-2021,40-49,9
2539,555,06-06-2021,20-29,10
2540,556,06-06-2021,30-39,9
2541,554,06-06-2021,0-19,19
2542,558,06-06-2021,50-59,4
2543,559,06-06-2021,60+,5
2544,553,06-06-2020,60+,2
2545,552,06-06-2020,50-59,2
2546,551,06-06-2020,40-49,4
2547,550,06-06-2020,30-39,3
2548,549,06-06-2020,20-29,3
2549,548,06-06-2020,0-19,10
2550,545,06-05-2021,40-49,24
2551,542,06-05-2021,0-19,34
2552,543,06-05-2021,20-29,30
2553,544,06-05-2021,30-39,27
2554,546,06-05-2021,50-59,16
2555,547,06-05-2021,60+,14
2556,541,06-05-2020,?? ????,1
2557,540,06-05-2020,60+,27
2558,539,06-05-2020,50-59,20
2559,538,06-05-2020,40-49,27
2560,537,06-05-2020,30-39,45
2561,536,06-05-2020,20-29,45
2562,535,06-05-2020,0-19,95
2563,531,06-04-2021,40-49,60
2564,528,06-04-2021,0-19,185
2565,529,06-04-2021,20-29,70
2566,530,06-04-2021,30-39,72
2567,532,06-04-2021,50-59,57
2568,533,06-04-2021,60+,50
2569,534,06-04-2021,?? ????,1
2570,525,06-04-2020,40-49,15
2571,523,06-04-2020,20-29,21
2572,524,06-04-2020,30-39,16
2573,522,06-04-2020,0-19,44
2574,526,06-04-2020,50-59,17
2575,527,06-04-2020,60+,8
2576,521,06-03-2021,?? ????,15
2577,520,06-03-2021,60+,133
2578,519,06-03-2021,50-59,140
2579,518,06-03-2021,40-49,217
2580,517,06-03-2021,30-39,317
2581,516,06-03-2021,20-29,365
2582,515,06-03-2021,0-19,737
2583,511,06-02-2021,40-49,422
2584,509,06-02-2021,20-29,649
2585,510,06-02-2021,30-39,485
2586,508,06-02-2021,0-19,398
2587,512,06-02-2021,50-59,355
2588,514,06-02-2021,?? ????,26
2589,513,06-02-2021,60+,744
2590,507,06-01-2021,?? ????,55
2591,506,06-01-2021,60+,384
2592,505,06-01-2021,50-59,344
2593,504,06-01-2021,40-49,528
2594,503,06-01-2021,30-39,686
2595,502,06-01-2021,20-29,804
2596,501,06-01-2021,0-19,2018
2597,497,05-12-2020,40-49,80
2598,494,05-12-2020,0-19,215
2599,495,05-12-2020,20-29,108
2600,496,05-12-2020,30-39,75
2601,498,05-12-2020,50-59,58
2602,499,05-12-2020,60+,51
2603,500,05-12-2020,?? ????,11
2604,493,05-11-2020,?? ????,16
2605,492,05-11-2020,60+,79
2606,491,05-11-2020,50-59,74
2607,490,05-11-2020,40-49,111
2608,489,05-11-2020,30-39,105
2609,488,05-11-2020,20-29,145
2610,487,05-11-2020,0-19,314
2611,483,05-10-2020,40-49,779
2612,480,05-10-2020,0-19,2671
2613,482,05-10-2020,30-39,1010
2614,481,05-10-2020,20-29,1151
2615,484,05-10-2020,50-59,588
2616,486,05-10-2020,?? ????,61
2617,485,05-10-2020,60+,727
2618,479,05-09-2020,?? ????,6
2619,478,05-09-2020,60+,88
2620,477,05-09-2020,50-59,77
2621,476,05-09-2020,40-49,99
2622,475,05-09-2020,30-39,110
2623,474,05-09-2020,20-29,203
2624,473,05-09-2020,0-19,302
2625,469,05-08-2020,40-49,202
2626,466,05-08-2020,0-19,501
2627,467,05-08-2020,20-29,258
2628,468,05-08-2020,30-39,198
2629,471,05-08-2020,60+,184
2630,470,05-08-2020,50-59,131
2631,472,05-08-2020,?? ????,8
2632,465,05-07-2020,60+,19
2633,464,05-07-2020,50-59,18
2634,463,05-07-2020,40-49,22
2635,462,05-07-2020,30-39,23
2636,461,05-07-2020,20-29,24
2637,460,05-07-2020,0-19,38
2638,457,05-06-2021,30-39,2
2639,456,05-06-2021,0-19,3
2640,459,05-06-2021,60+,1
2641,458,05-06-2021,40-49,1
2642,455,05-06-2020,60+,2
2643,454,05-06-2020,50-59,3
2644,453,05-06-2020,40-49,5
2645,452,05-06-2020,30-39,6
2646,451,05-06-2020,20-29,10
2647,450,05-06-2020,0-19,11
2648,447,05-05-2021,40-49,25
2649,444,05-05-2021,0-19,30
2650,445,05-05-2021,20-29,41
2651,446,05-05-2021,30-39,24
2652,448,05-05-2021,50-59,11
2653,449,05-05-2021,60+,12
2654,443,05-05-2020,60+,20
2655,442,05-05-2020,50-59,43
2656,441,05-05-2020,40-49,30
2657,440,05-05-2020,30-39,47
2658,439,05-05-2020,20-29,82
2659,438,05-05-2020,0-19,95
2660,432,05-04-2021,0-19,200
2661,433,05-04-2021,20-29,80
2662,434,05-04-2021,30-39,68
2663,435,05-04-2021,40-49,72
2664,436,05-04-2021,50-59,36
2665,437,05-04-2021,60+,56
2666,431,05-04-2020,?? ????,1
2667,430,05-04-2020,60+,6
2668,429,05-04-2020,50-59,10
2669,428,05-04-2020,40-49,14
2670,427,05-04-2020,30-39,20
2671,426,05-04-2020,20-29,22
2672,425,05-04-2020,0-19,29
2673,420,05-03-2021,30-39,694
2674,418,05-03-2021,0-19,604
2675,419,05-03-2021,20-29,796
2676,421,05-03-2021,40-49,561
2677,422,05-03-2021,50-59,358
2678,423,05-03-2021,60+,955
2679,424,05-03-2021,?? ????,39
2680,417,05-02-2021,?? ????,50
2681,416,05-02-2021,60+,1128
2682,415,05-02-2021,50-59,847
2683,414,05-02-2021,40-49,1021
2684,413,05-02-2021,30-39,1178
2685,412,05-02-2021,20-29,1971
2686,411,05-02-2021,0-19,1115
2687,407,05-01-2021,40-49,336
2688,404,05-01-2021,0-19,1292
2689,405,05-01-2021,20-29,493
2690,406,05-01-2021,30-39,390
2691,410,05-01-2021,?? ????,34
2692,408,05-01-2021,50-59,208
2693,409,05-01-2021,60+,222
2694,403,04-12-2020,?? ????,30
2695,402,04-12-2020,60+,105
2696,401,04-12-2020,50-59,79
2697,400,04-12-2020,40-49,84
2698,399,04-12-2020,30-39,91
2699,398,04-12-2020,20-29,132
2700,397,04-12-2020,0-19,346
2701,393,04-11-2020,40-49,57
2702,390,04-11-2020,0-19,298
2703,391,04-11-2020,20-29,112
2704,392,04-11-2020,30-39,57
2705,396,04-11-2020,?? ????,3
2706,394,04-11-2020,50-59,44
2707,395,04-11-2020,60+,61
2708,386,04-10-2020,40-49,1058
2709,384,04-10-2020,20-29,1404
2710,383,04-10-2020,0-19,2934
2711,385,04-10-2020,30-39,1131
2712,388,04-10-2020,60+,822
2713,387,04-10-2020,50-59,706
2714,389,04-10-2020,?? ????,88
2715,382,04-09-2020,?? ????,17
2716,381,04-09-2020,60+,104
2717,380,04-09-2020,50-59,103
2718,379,04-09-2020,40-49,124
2719,378,04-09-2020,30-39,153
2720,377,04-09-2020,20-29,236
2721,376,04-09-2020,0-19,459
2722,372,04-08-2020,40-49,219
2723,369,04-08-2020,0-19,478
2724,370,04-08-2020,20-29,292
2725,371,04-08-2020,30-39,203
2726,373,04-08-2020,50-59,180
2727,374,04-08-2020,60+,244
2728,375,04-08-2020,?? ????,31
2729,368,04-07-2020,60+,5
2730,367,04-07-2020,50-59,9
2731,366,04-07-2020,40-49,11
2732,365,04-07-2020,30-39,10
2733,364,04-07-2020,20-29,12
2734,363,04-07-2020,0-19,29
2735,359,04-06-2021,20-29,1
2736,358,04-06-2021,0-19,4
2737,360,04-06-2021,30-39,3
2738,361,04-06-2021,40-49,2
2739,362,04-06-2021,60+,1
2740,357,04-06-2020,60+,3
2741,356,04-06-2020,50-59,4
2742,355,04-06-2020,40-49,8
2743,354,04-06-2020,30-39,5
2744,353,04-06-2020,20-29,7
2745,352,04-06-2020,0-19,15
2746,348,04-05-2021,30-39,13
2747,346,04-05-2021,0-19,40
2748,347,04-05-2021,20-29,23
2749,349,04-05-2021,40-49,12
2750,350,04-05-2021,50-59,7
2751,351,04-05-2021,60+,11
2752,345,04-05-2020,?? ????,2
2753,344,04-05-2020,60+,18
2754,343,04-05-2020,50-59,20
2755,342,04-05-2020,40-49,29
2756,341,04-05-2020,30-39,43
2757,340,04-05-2020,20-29,50
2758,339,04-05-2020,0-19,98
2759,333,04-04-2021,20-29,197
2760,335,04-04-2021,40-49,135
2761,332,04-04-2021,0-19,427
2762,334,04-04-2021,30-39,143
2763,336,04-04-2021,50-59,89
2764,337,04-04-2021,60+,71
2765,338,04-04-2021,?? ????,4
2766,325,04-04-2020,0-19,14
2767,331,04-04-2020,?? ????,1
2768,330,04-04-2020,60+,1
2769,329,04-04-2020,50-59,5
2770,328,04-04-2020,40-49,7
2771,327,04-04-2020,30-39,9
2772,326,04-04-2020,20-29,16
2773,318,04-03-2021,0-19,718
2774,319,04-03-2021,20-29,1058
2775,320,04-03-2021,30-39,795
2776,321,04-03-2021,40-49,714
2777,322,04-03-2021,50-59,522
2778,323,04-03-2021,60+,986
2779,324,04-03-2021,?? ????,25
2780,314,04-02-2021,40-49,1136
2781,311,04-02-2021,0-19,1878
2782,313,04-02-2021,30-39,1366
2783,312,04-02-2021,20-29,1780
2784,315,04-02-2021,50-59,896
2785,316,04-02-2021,60+,1074
2786,317,04-02-2021,?? ????,68
2787,304,04-01-2021,0-19,1339
2788,307,04-01-2021,40-49,337
2789,305,04-01-2021,20-29,560
2790,306,04-01-2021,30-39,369
2791,310,04-01-2021,?? ????,33
2792,308,04-01-2021,50-59,229
2793,309,04-01-2021,60+,242
2794,300,03-12-2020,40-49,139
2795,297,03-12-2020,0-19,581
2796,299,03-12-2020,30-39,191
2797,298,03-12-2020,20-29,223
2798,301,03-12-2020,50-59,114
2799,302,03-12-2020,60+,172
2800,303,03-12-2020,?? ????,9
2801,296,03-11-2020,?? ????,5
2802,295,03-11-2020,60+,83
2803,294,03-11-2020,50-59,62
2804,293,03-11-2020,40-49,75
2805,292,03-11-2020,30-39,89
2806,291,03-11-2020,20-29,118
2807,290,03-11-2020,0-19,301
2808,284,03-10-2020,20-29,568
2809,286,03-10-2020,40-49,448
2810,283,03-10-2020,0-19,1289
2811,285,03-10-2020,30-39,479
2812,289,03-10-2020,?? ????,19
2813,287,03-10-2020,50-59,323
2814,288,03-10-2020,60+,398
2815,281,03-09-2020,60+,169
2816,280,03-09-2020,50-59,137
2817,279,03-09-2020,40-49,198
2818,278,03-09-2020,30-39,214
2819,277,03-09-2020,20-29,379
2820,276,03-09-2020,0-19,689
2821,282,03-09-2020,?? ????,8
2822,275,03-08-2020,?? ????,28
2823,269,03-08-2020,0-19,560
2824,274,03-08-2020,60+,307
2825,273,03-08-2020,50-59,152
2826,272,03-08-2020,40-49,219
2827,271,03-08-2020,30-39,234
2828,270,03-08-2020,20-29,301
2829,262,03-07-2020,0-19,39
2830,265,03-07-2020,40-49,10
2831,264,03-07-2020,30-39,20
2832,263,03-07-2020,20-29,18
2833,266,03-07-2020,50-59,12
2834,267,03-07-2020,60+,15
2835,268,03-07-2020,?? ????,2
2836,261,03-06-2021,60+,20
2837,260,03-06-2021,50-59,9
2838,259,03-06-2021,40-49,12
2839,258,03-06-2021,30-39,24
2840,257,03-06-2021,20-29,21
2841,256,03-06-2021,0-19,53
2842,250,03-06-2020,0-19,15
2843,251,03-06-2020,20-29,5
2844,252,03-06-2020,30-39,1
2845,253,03-06-2020,40-49,2
2846,254,03-06-2020,50-59,2
2847,255,03-06-2020,60+,2
2848,249,03-05-2021,60+,10
2849,248,03-05-2021,50-59,22
2850,247,03-05-2021,40-49,18
2851,246,03-05-2021,30-39,22
2852,245,03-05-2021,20-29,34
2853,244,03-05-2021,0-19,46
2854,240,03-05-2020,40-49,38
2855,238,03-05-2020,20-29,57
2856,237,03-05-2020,0-19,99
2857,239,03-05-2020,30-39,50
2858,241,03-05-2020,50-59,28
2859,243,03-05-2020,?? ????,2
2860,242,03-05-2020,60+,17
2861,236,03-04-2021,?? ????,1
2862,235,03-04-2021,60+,38
2863,234,03-04-2021,50-59,36
2864,233,03-04-2021,40-49,61
2865,232,03-04-2021,30-39,77
2866,231,03-04-2021,20-29,68
2867,230,03-04-2021,0-19,185
2868,226,03-04-2020,30-39,10
2869,224,03-04-2020,0-19,27
2870,225,03-04-2020,20-29,12
2871,227,03-04-2020,40-49,4
2872,228,03-04-2020,50-59,2
2873,229,03-04-2020,60+,2
2874,223,03-03-2021,?? ????,27
2875,222,03-03-2021,60+,1035
2876,221,03-03-2021,50-59,514
2877,220,03-03-2021,40-49,621
2878,219,03-03-2021,30-39,684
2879,218,03-03-2021,20-29,1037
2880,217,03-03-2021,0-19,696
2881,213,03-02-2021,40-49,1065
2882,210,03-02-2021,0-19,3044
2883,211,03-02-2021,20-29,1543
2884,212,03-02-2021,30-39,1177
2885,216,03-02-2021,?? ????,33
2886,214,03-02-2021,50-59,725
2887,215,03-02-2021,60+,687
2888,209,03-01-2021,?? ????,55
2889,208,03-01-2021,60+,450
2890,207,03-01-2021,50-59,457
2891,206,03-01-2021,40-49,618
2892,205,03-01-2021,30-39,790
2893,204,03-01-2021,20-29,919
2894,203,03-01-2021,0-19,2307
2895,199,02-12-2020,40-49,89
2896,196,02-12-2020,0-19,369
2897,197,02-12-2020,20-29,130
2898,198,02-12-2020,30-39,97
2899,202,02-12-2020,?? ????,3
2900,200,02-12-2020,50-59,76
2901,201,02-12-2020,60+,81
2902,192,02-11-2020,40-49,101
2903,189,02-11-2020,0-19,366
2904,190,02-11-2020,20-29,155
2905,191,02-11-2020,30-39,106
2906,195,02-11-2020,?? ????,10
2907,193,02-11-2020,50-59,80
2908,194,02-11-2020,60+,96
2909,185,02-10-2020,40-49,673
2910,183,02-10-2020,20-29,955
2911,184,02-10-2020,30-39,762
2912,182,02-10-2020,0-19,2043
2913,186,02-10-2020,50-59,498
2914,187,02-10-2020,60+,604
2915,188,02-10-2020,?? ????,75
2916,181,02-09-2020,?? ????,8
2917,180,02-09-2020,60+,140
2918,179,02-09-2020,50-59,112
2919,178,02-09-2020,40-49,139
2920,177,02-09-2020,30-39,173
2921,176,02-09-2020,20-29,320
2922,175,02-09-2020,0-19,509
2923,171,02-08-2020,40-49,276
2924,169,02-08-2020,20-29,483
2925,170,02-08-2020,30-39,319
2926,168,02-08-2020,0-19,819
2927,172,02-08-2020,50-59,217
2928,174,02-08-2020,?? ????,12
2929,173,02-08-2020,60+,319
2930,167,02-07-2020,?? ????,3
2931,166,02-07-2020,60+,8
2932,165,02-07-2020,50-59,16
2933,164,02-07-2020,40-49,14
2934,163,02-07-2020,30-39,15
2935,162,02-07-2020,20-29,27
2936,161,02-07-2020,0-19,43
2937,157,02-06-2021,40-49,9
2938,154,02-06-2021,0-19,9
2939,155,02-06-2021,20-29,12
2940,156,02-06-2021,30-39,2
2941,158,02-06-2021,50-59,11
2942,159,02-06-2021,60+,4
2943,160,02-06-2021,?? ????,1
2944,153,02-06-2020,60+,5
2945,152,02-06-2020,50-59,6
2946,151,02-06-2020,40-49,7
2947,150,02-06-2020,30-39,3
2948,149,02-06-2020,20-29,12
2949,148,02-06-2020,0-19,20
2950,143,02-05-2021,30-39,32
2951,141,02-05-2021,0-19,83
2952,142,02-05-2021,20-29,30
2953,144,02-05-2021,40-49,26
2954,146,02-05-2021,60+,24
2955,147,02-05-2021,?? ????,1
2956,145,02-05-2021,50-59,24
2957,134,02-05-2020,0-19,92
2958,140,02-05-2020,?? ????,10
2959,139,02-05-2020,60+,23
2960,138,02-05-2020,50-59,21
2961,137,02-05-2020,40-49,28
2962,136,02-05-2020,30-39,39
2963,135,02-05-2020,20-29,67
2964,130,02-04-2021,40-49,76
2965,127,02-04-2021,0-19,273
2966,128,02-04-2021,20-29,123
2967,129,02-04-2021,30-39,78
2968,131,02-04-2021,50-59,45
2969,132,02-04-2021,60+,46
2970,133,02-04-2021,?? ????,4
2971,124,02-04-2020,40-49,13
2972,121,02-04-2020,0-19,22
2973,123,02-04-2020,30-39,11
2974,122,02-04-2020,20-29,17
2975,125,02-04-2020,50-59,8
2976,126,02-04-2020,60+,9
2977,114,02-03-2021,0-19,452
2978,117,02-03-2021,40-49,379
2979,115,02-03-2021,20-29,766
2980,116,02-03-2021,30-39,497
2981,120,02-03-2021,?? ????,13
2982,118,02-03-2021,50-59,307
2983,119,02-03-2021,60+,510
2984,110,02-02-2021,40-49,523
2985,107,02-02-2021,0-19,1778
2986,109,02-02-2021,30-39,591
2987,108,02-02-2021,20-29,839
2988,111,02-02-2021,50-59,350
2989,112,02-02-2021,60+,339
2990,113,02-02-2021,?? ????,10
2991,106,02-01-2021,?? ????,24
2992,105,02-01-2021,60+,136
2993,104,02-01-2021,50-59,166
2994,103,02-01-2021,40-49,246
2995,102,02-01-2021,30-39,278
2996,101,02-01-2021,20-29,363
2997,100,02-01-2021,0-19,849
2998,93,01-12-2020,0-19,283
2999,96,01-12-2020,40-49,71
3000,94,01-12-2020,20-29,106
3001,95,01-12-2020,30-39,83
3002,98,01-12-2020,60+,82
3003,97,01-12-2020,50-59,69
3004,99,01-12-2020,?? ????,7
3005,89,01-11-2020,40-49,150
3006,87,01-11-2020,20-29,292
3007,88,01-11-2020,30-39,193
3008,86,01-11-2020,0-19,607
3009,90,01-11-2020,50-59,124
3010,91,01-11-2020,60+,144
3011,92,01-11-2020,?? ????,9
3012,85,01-10-2020,?? ????,52
3013,84,01-10-2020,60+,608
3014,83,01-10-2020,50-59,569
3015,82,01-10-2020,40-49,758
3016,81,01-10-2020,30-39,753
3017,80,01-10-2020,20-29,929
3018,79,01-10-2020,0-19,2116
3019,75,01-09-2020,40-49,130
3020,72,01-09-2020,0-19,380
3021,74,01-09-2020,30-39,124
3022,73,01-09-2020,20-29,185
3023,76,01-09-2020,50-59,86
3024,78,01-09-2020,?? ????,10
3025,77,01-09-2020,60+,92
3026,71,01-08-2020,?? ????,2
3027,70,01-08-2020,60+,61
3028,69,01-08-2020,50-59,54
3029,68,01-08-2020,40-49,57
3030,67,01-08-2020,30-39,64
3031,66,01-08-2020,20-29,108
3032,65,01-08-2020,0-19,187
3033,61,01-07-2020,30-39,17
3034,59,01-07-2020,0-19,26
3035,60,01-07-2020,20-29,22
3036,63,01-07-2020,50-59,13
3037,62,01-07-2020,40-49,10
3038,64,01-07-2020,60+,10
3039,58,01-06-2021,60+,2
3040,57,01-06-2021,50-59,3
3041,56,01-06-2021,40-49,9
3042,55,01-06-2021,30-39,6
3043,54,01-06-2021,20-29,6
3044,53,01-06-2021,0-19,10
3045,47,01-06-2020,0-19,19
3046,48,01-06-2020,20-29,10
3047,49,01-06-2020,30-39,17
3048,50,01-06-2020,40-49,6
3049,51,01-06-2020,50-59,8
3050,52,01-06-2020,60+,8
3051,46,01-05-2021,60+,3
3052,45,01-05-2021,50-59,9
3053,44,01-05-2021,40-49,11
3054,43,01-05-2021,30-39,12
3055,42,01-05-2021,20-29,11
3056,41,01-05-2021,0-19,25
3057,37,01-05-2020,40-49,40
3058,34,01-05-2020,0-19,141
3059,35,01-05-2020,20-29,89
3060,36,01-05-2020,30-39,60
3061,40,01-05-2020,?? ????,1
3062,38,01-05-2020,50-59,47
3063,39,01-05-2020,60+,41
3064,30,01-04-2021,40-49,144
3065,28,01-04-2021,20-29,193
3066,29,01-04-2021,30-39,143
3067,27,01-04-2021,0-19,404
3068,31,01-04-2021,50-59,106
3069,32,01-04-2021,60+,75
3070,33,01-04-2021,?? ????,3
3071,26,01-04-2020,60+,21
3072,25,01-04-2020,50-59,17
3073,24,01-04-2020,40-49,17
3074,23,01-04-2020,30-39,24
3075,22,01-04-2020,20-29,30
3076,21,01-04-2020,0-19,46
3077,14,01-03-2021,0-19,445
3078,15,01-03-2021,20-29,808
3079,16,01-03-2021,30-39,451
3080,17,01-03-2021,40-49,355
3081,18,01-03-2021,50-59,309
3082,19,01-03-2021,60+,361
3083,20,01-03-2021,?? ????,18
3084,13,01-02-2021,?? ????,22
3085,12,01-02-2021,60+,470
3086,11,01-02-2021,50-59,457
3087,10,01-02-2021,40-49,652
3088,9,01-02-2021,30-39,727
3089,8,01-02-2021,20-29,1127
3090,7,01-02-2021,0-19,1724
3091,4,01-01-2021,50-59,301
3092,2,01-01-2021,30-39,439
3093,3,01-01-2021,40-49,366
3094,1,01-01-2021,20-29,625
3095,5,01-01-2021,60+,244
3096,6,01-01-2021,?? ????,45
3097,0,01-01-2021,0-19,1463
